[10Oct2026 19:33:18.644] [main/INFO] [cpw.mods.modlauncher.Launcher/MODLAUNCHER]: ModLauncher running: args [--launchTarget, forge_userdev_data, --assetIndex, 18, --assetsDir, E:\GradleFiles\caches\forge_gradle\assets, --gameDir, ., --mod, doors_music_discs, --all, --output, E:\Minecraft Modding Workspaces\doors-music-discs\src\generated\resources, --existing, E:\Minecraft Modding Workspaces\doors-music-discs\src\main\resources]
[10Oct2026 19:33:18.647] [main/INFO] [cpw.mods.modlauncher.Launcher/MODLAUNCHER]: JVM identified as Eclipse Adoptium OpenJDK 64-Bit Server VM 21.0.6+7-LTS
[10Oct2026 19:33:18.647] [main/INFO] [cpw.mods.modlauncher.Launcher/MODLAUNCHER]: ModLauncher 10.2.4 starting: java version 21.0.6 by Eclipse Adoptium; OS Windows 11 arch amd64 version 10.0
[10Oct2026 19:33:18.667] [main/DEBUG] [cpw.mods.modlauncher.LaunchServiceHandler/MODLAUNCHER]: Found launch services [forge_userdev_client,forge_dev_data,minecraft,forge_userdev_server_gametest,forge_dev_client,forge_userdev_data,forge_dev_server_gametest,testharness,forge_userdev_server,forge_client,forge_dev_server,forge_server]
[10Oct2026 19:33:18.734] [main/DEBUG] [cpw.mods.modlauncher.NameMappingServiceHandler/MODLAUNCHER]: Found naming services : [srgtomcp]
[10Oct2026 19:33:18.751] [main/DEBUG] [cpw.mods.modlauncher.LaunchPluginHandler/MODLAUNCHER]: Found launch plugins: [mixin,eventbus,slf4jfixer,object_holder_definalize,runtime_enum_extender,capability_token_subclass,accesstransformer,runtimedistcleaner]
[10Oct2026 19:33:18.763] [main/DEBUG] [cpw.mods.modlauncher.TransformationServicesHandler/MODLAUNCHER]: Discovering transformation services
[10Oct2026 19:33:18.765] [main/DEBUG] [net.minecraftforge.fml.loading.FMLPaths/CORE]: Path GAMEDIR is E:\Minecraft Modding Workspaces\doors-music-discs\run-data
[10Oct2026 19:33:18.766] [main/DEBUG] [net.minecraftforge.fml.loading.FMLPaths/CORE]: Path MODSDIR is E:\Minecraft Modding Workspaces\doors-music-discs\run-data\mods
[10Oct2026 19:33:18.766] [main/DEBUG] [net.minecraftforge.fml.loading.FMLPaths/CORE]: Path CONFIGDIR is E:\Minecraft Modding Workspaces\doors-music-discs\run-data\config
[10Oct2026 19:33:18.766] [main/DEBUG] [net.minecraftforge.fml.loading.FMLPaths/CORE]: Path FMLCONFIG is E:\Minecraft Modding Workspaces\doors-music-discs\run-data\config\fml.toml
[10Oct2026 19:33:18.818] [main/INFO] [net.minecraftforge.fml.loading.ImmediateWindowHandler/]: ImmediateWindowProvider not loading because launch target is forge_userdev_data
[10Oct2026 19:33:18.843] [main/DEBUG] [cpw.mods.modlauncher.TransformationServicesHandler/MODLAUNCHER]: Found transformer service: fml: /
[10Oct2026 19:33:18.846] [main/DEBUG] [cpw.mods.modlauncher.TransformationServicesHandler/MODLAUNCHER]: Found transformer service: mixin: /
[10Oct2026 19:33:18.846] [main/DEBUG] [cpw.mods.modlauncher.TransformationServicesHandler/MODLAUNCHER]: Transformation services loading
[10Oct2026 19:33:18.847] [main/DEBUG] [cpw.mods.modlauncher.TransformationServiceDecorator/MODLAUNCHER]: Loading service mixin
[10Oct2026 19:33:18.847] [main/DEBUG] [cpw.mods.modlauncher.TransformationServiceDecorator/MODLAUNCHER]: Loaded service mixin
[10Oct2026 19:33:18.848] [main/DEBUG] [cpw.mods.modlauncher.TransformationServiceDecorator/MODLAUNCHER]: Loading service fml
[10Oct2026 19:33:18.857] [main/DEBUG] [net.minecraftforge.fml.loading.FMLLoader/CORE]: Detected version data : VersionInfo[forgeVersion=53.1.0, mcVersion=1.21.3, mcpVersion=20241025.112443, forgeGroup=net.minecraftforge]
[10Oct2026 19:33:18.858] [main/DEBUG] [net.minecraftforge.fml.loading.LauncherVersion/CORE]: Found FMLLauncher version 53.1.0
[10Oct2026 19:33:18.858] [main/DEBUG] [net.minecraftforge.fml.loading.FMLLoader/CORE]: FML 53.1.0 loading
[10Oct2026 19:33:18.859] [main/DEBUG] [net.minecraftforge.fml.loading.FMLLoader/CORE]: Found ModLauncher version: 10.2.4
[10Oct2026 19:33:18.859] [main/DEBUG] [net.minecraftforge.fml.loading.FMLLoader/CORE]: Found AccessTransformer version: 8.2.2
[10Oct2026 19:33:18.859] [main/DEBUG] [net.minecraftforge.fml.loading.FMLLoader/CORE]: Found EventBus version: 6.2.27
[10Oct2026 19:33:18.859] [main/DEBUG] [net.minecraftforge.fml.loading.FMLLoader/CORE]: Found RuntimeDistCleaner version: 53.1.0
[10Oct2026 19:33:18.861] [main/DEBUG] [net.minecraftforge.fml.loading.FMLLoader/CORE]: FML found CoreMod version : 5.2.6
[10Oct2026 19:33:18.861] [main/DEBUG] [net.minecraftforge.fml.loading.FMLLoader/CORE]: Found ForgeSPI version: 7.1.5
[10Oct2026 19:33:18.862] [main/DEBUG] [cpw.mods.modlauncher.TransformationServiceDecorator/MODLAUNCHER]: Loaded service fml
[10Oct2026 19:33:18.862] [main/DEBUG] [cpw.mods.modlauncher.TransformationServicesHandler/MODLAUNCHER]: Configuring option handling for services
[10Oct2026 19:33:18.867] [main/DEBUG] [cpw.mods.modlauncher.TransformationServicesHandler/MODLAUNCHER]: Transformation services initializing
[10Oct2026 19:33:18.867] [main/DEBUG] [cpw.mods.modlauncher.TransformationServiceDecorator/MODLAUNCHER]: Initializing transformation service mixin
[10Oct2026 19:33:18.893] [main/DEBUG] [mixin/]: MixinService [ModLauncher] was successfully booted in SecureModuleClassLoader[SECURE-BOOTSTRAP]@296347592
[10Oct2026 19:33:18.911] [main/INFO] [mixin/]: SpongePowered MIXIN Subsystem Version=0.8.7 Source=jar:file:///E:/GradleFiles/caches/modules-2/files-2.1/org.spongepowered/mixin/0.8.7/8ab114ac385e6dbdad5efafe28aba4df8120915f/mixin-0.8.7.jar!/ Service=ModLauncher Env=UNKNOWN
[10Oct2026 19:33:18.915] [main/DEBUG] [mixin/]: Initialising Mixin Platform Manager
[10Oct2026 19:33:18.915] [main/DEBUG] [mixin/]: Adding mixin platform agents for container ModLauncher Root Container(ModLauncher:4f56a0a2)
[10Oct2026 19:33:18.916] [main/DEBUG] [mixin/]: Instancing new MixinPlatformAgentMinecraftForge for ModLauncher Root Container(ModLauncher:4f56a0a2)
[10Oct2026 19:33:18.916] [main/DEBUG] [mixin/]: MixinPlatformAgentMinecraftForge rejected container ModLauncher Root Container(ModLauncher:4f56a0a2)
[10Oct2026 19:33:18.917] [main/DEBUG] [mixin/]: Instancing new MixinPlatformAgentDefault for ModLauncher Root Container(ModLauncher:4f56a0a2)
[10Oct2026 19:33:18.918] [main/DEBUG] [mixin/]: MixinPlatformAgentDefault accepted container ModLauncher Root Container(ModLauncher:4f56a0a2)
[10Oct2026 19:33:18.920] [main/DEBUG] [cpw.mods.modlauncher.TransformationServiceDecorator/MODLAUNCHER]: Initialized transformation service mixin
[10Oct2026 19:33:18.921] [main/DEBUG] [cpw.mods.modlauncher.TransformationServiceDecorator/MODLAUNCHER]: Initializing transformation service fml
[10Oct2026 19:33:18.921] [main/DEBUG] [net.minecraftforge.fml.loading.FMLServiceProvider/CORE]: Setting up basic FML game directories
[10Oct2026 19:33:18.921] [main/DEBUG] [net.minecraftforge.fml.loading.FMLPaths/CORE]: Path GAMEDIR is E:\Minecraft Modding Workspaces\doors-music-discs\run-data
[10Oct2026 19:33:18.922] [main/DEBUG] [net.minecraftforge.fml.loading.FMLPaths/CORE]: Path MODSDIR is E:\Minecraft Modding Workspaces\doors-music-discs\run-data\mods
[10Oct2026 19:33:18.922] [main/DEBUG] [net.minecraftforge.fml.loading.FMLPaths/CORE]: Path CONFIGDIR is E:\Minecraft Modding Workspaces\doors-music-discs\run-data\config
[10Oct2026 19:33:18.922] [main/DEBUG] [net.minecraftforge.fml.loading.FMLPaths/CORE]: Path FMLCONFIG is E:\Minecraft Modding Workspaces\doors-music-discs\run-data\config\fml.toml
[10Oct2026 19:33:18.922] [main/DEBUG] [net.minecraftforge.fml.loading.FMLServiceProvider/CORE]: Loading configuration
[10Oct2026 19:33:18.926] [main/DEBUG] [net.minecraftforge.fml.loading.FMLServiceProvider/CORE]: Preparing ModFile
[10Oct2026 19:33:18.928] [main/DEBUG] [net.minecraftforge.fml.loading.FMLServiceProvider/CORE]: Preparing launch handler
[10Oct2026 19:33:18.928] [main/DEBUG] [net.minecraftforge.fml.loading.FMLLoader/CORE]: Using forge_userdev_data as launch service
[10Oct2026 19:33:18.933] [main/DEBUG] [cpw.mods.modlauncher.TransformationServiceDecorator/MODLAUNCHER]: Initialized transformation service fml
[10Oct2026 19:33:18.933] [main/DEBUG] [cpw.mods.modlauncher.NameMappingServiceHandler/MODLAUNCHER]: Current naming domain is 'mcp'
[10Oct2026 19:33:18.933] [main/DEBUG] [cpw.mods.modlauncher.NameMappingServiceHandler/MODLAUNCHER]: Identified name mapping providers {srg=net.minecraftforge.fml.loading.MCPNamingService@6579c3d9}
[10Oct2026 19:33:18.933] [main/DEBUG] [cpw.mods.modlauncher.TransformationServicesHandler/MODLAUNCHER]: Transformation services begin scanning
[10Oct2026 19:33:18.934] [main/DEBUG] [cpw.mods.modlauncher.TransformationServiceDecorator/MODLAUNCHER]: Beginning scan trigger - transformation service mixin
[10Oct2026 19:33:18.935] [main/DEBUG] [cpw.mods.modlauncher.TransformationServiceDecorator/MODLAUNCHER]: End scan trigger - transformation service mixin
[10Oct2026 19:33:18.935] [main/DEBUG] [cpw.mods.modlauncher.TransformationServiceDecorator/MODLAUNCHER]: Beginning scan trigger - transformation service fml
[10Oct2026 19:33:18.935] [main/DEBUG] [net.minecraftforge.fml.loading.FMLServiceProvider/CORE]: Initiating mod scan
[10Oct2026 19:33:18.944] [main/DEBUG] [net.minecraftforge.fml.loading.moddiscovery.ModDiscoverer/CORE]: Found Mod Locators : (mods folder:null),(minecraft:null),(classpath:null),(forge_dev_locator:null),(forge_userdev_locator:null)
[10Oct2026 19:33:18.945] [main/DEBUG] [net.minecraftforge.fml.loading.moddiscovery.ModDiscoverer/CORE]: Found Dependency Locators : (JarInJar:null)
[10Oct2026 19:33:19.385] [main/DEBUG] [net.minecraftforge.fml.loading.moddiscovery.ModFileInfo/LOADING]: Found valid mod file  with {minecraft} mods - versions {1.21.3}
[10Oct2026 19:33:19.583] [main/DEBUG] [net.minecraftforge.fml.loading.moddiscovery.ModFileParser/LOADING]: Considering mod file candidate E:\Minecraft Modding Workspaces\doors-music-discs\build\sourcesSets\main
[10Oct2026 19:33:19.592] [main/DEBUG] [net.minecraftforge.fml.loading.moddiscovery.ModFileInfo/LOADING]: Found valid mod file main with {doors_music_discs} mods - versions {0.2.0-1.21.3}
[10Oct2026 19:33:19.675] [main/DEBUG] [net.minecraftforge.fml.loading.moddiscovery.ModFileParser/LOADING]: Considering mod file candidate /
[10Oct2026 19:33:19.680] [main/DEBUG] [net.minecraftforge.fml.loading.moddiscovery.ModFileInfo/LOADING]: Found valid mod file  with {forge} mods - versions {53.1.0}
[10Oct2026 19:33:19.686] [main/DEBUG] [net.minecraftforge.fml.loading.moddiscovery.JarInJarDependencyLocator/]: Failed to load resource META-INF\jarjar\metadata.json from , it does not contain dependency information.
[10Oct2026 19:33:19.687] [main/DEBUG] [net.minecraftforge.fml.loading.moddiscovery.JarInJarDependencyLocator/]: Failed to load resource META-INF\jarjar\metadata.json from main, it does not contain dependency information.
[10Oct2026 19:33:19.687] [main/DEBUG] [net.minecraftforge.fml.loading.moddiscovery.JarInJarDependencyLocator/]: Failed to load resource META-INF\jarjar\metadata.json from , it does not contain dependency information.
[10Oct2026 19:33:19.687] [main/DEBUG] [net.minecraftforge.fml.loading.moddiscovery.JarInJarDependencyLocator/]: Failed to load resource META-INF\jarjar\metadata.json from javafmllanguage-1.21.3-53.1.0.jar, it does not contain dependency information.
[10Oct2026 19:33:19.688] [main/DEBUG] [net.minecraftforge.fml.loading.moddiscovery.JarInJarDependencyLocator/]: Failed to load resource META-INF\jarjar\metadata.json from mclanguage-1.21.3-53.1.0.jar, it does not contain dependency information.
[10Oct2026 19:33:19.688] [main/DEBUG] [net.minecraftforge.fml.loading.moddiscovery.JarInJarDependencyLocator/]: Failed to load resource META-INF\jarjar\metadata.json from lowcodelanguage-1.21.3-53.1.0.jar, it does not contain dependency information.
[10Oct2026 19:33:19.688] [main/DEBUG] [net.minecraftforge.fml.loading.moddiscovery.JarInJarDependencyLocator/]: Failed to load resource META-INF\jarjar\metadata.json from fmlcore-1.21.3-53.1.0.jar, it does not contain dependency information.
[10Oct2026 19:33:19.745] [main/INFO] [net.minecraftforge.fml.loading.moddiscovery.JarInJarDependencyLocator/]: No dependencies to load found. Skipping!
[10Oct2026 19:33:19.747] [main/DEBUG] [net.minecraftforge.fml.loading.moddiscovery.ModFileInfo/LOADING]: Found valid mod file  with {minecraft} mods - versions {1.21.3}
[10Oct2026 19:33:19.750] [main/DEBUG] [net.minecraftforge.fml.loading.moddiscovery.ModFile/LOADING]: Loading mod file / with languages [LanguageSpec[languageName=minecraft, acceptedVersions=1]]
[10Oct2026 19:33:19.751] [main/DEBUG] [net.minecraftforge.fml.loading.moddiscovery.ModFileParser/LOADING]: Considering mod file candidate E:\Minecraft Modding Workspaces\doors-music-discs\build\sourcesSets\main
[10Oct2026 19:33:19.754] [main/DEBUG] [net.minecraftforge.fml.loading.moddiscovery.ModFileInfo/LOADING]: Found valid mod file main with {doors_music_discs} mods - versions {0.2.0-1.21.3}
[10Oct2026 19:33:19.754] [main/DEBUG] [net.minecraftforge.fml.loading.moddiscovery.ModFile/LOADING]: Loading mod file E:\Minecraft Modding Workspaces\doors-music-discs\build\sourcesSets\main with languages [LanguageSpec[languageName=javafml, acceptedVersions=[53,)]]
[10Oct2026 19:33:19.755] [main/DEBUG] [net.minecraftforge.fml.loading.moddiscovery.ModFileParser/LOADING]: Considering mod file candidate /
[10Oct2026 19:33:19.756] [main/DEBUG] [net.minecraftforge.fml.loading.moddiscovery.ModFileInfo/LOADING]: Found valid mod file  with {forge} mods - versions {53.1.0}
[10Oct2026 19:33:19.756] [main/DEBUG] [net.minecraftforge.fml.loading.moddiscovery.ModFile/LOADING]: Loading mod file / with languages [LanguageSpec[languageName=javafml, acceptedVersions=[24,]]]
[10Oct2026 19:33:19.760] [main/DEBUG] [net.minecraftforge.fml.loading.moddiscovery.ModFileParser/LOADING]: Found coremod field_to_method with Javascript path coremods/field_to_method.js
[10Oct2026 19:33:19.761] [main/DEBUG] [net.minecraftforge.fml.loading.moddiscovery.ModFileParser/LOADING]: Found coremod method_redirector with Javascript path coremods/method_redirector.js
[10Oct2026 19:33:19.761] [main/DEBUG] [net.minecraftforge.fml.loading.moddiscovery.ModFile/LOADING]: Found coremod /coremods/field_to_method.js
[10Oct2026 19:33:19.761] [main/DEBUG] [net.minecraftforge.fml.loading.moddiscovery.ModFile/LOADING]: Found coremod /coremods/method_redirector.js
[10Oct2026 19:33:19.762] [main/DEBUG] [cpw.mods.modlauncher.TransformationServiceDecorator/MODLAUNCHER]: End scan trigger - transformation service fml
[10Oct2026 19:33:19.782] [main/DEBUG] [net.minecraftforge.fml.loading.LanguageLoadingProvider/CORE]: Found 3 language providers
[10Oct2026 19:33:19.783] [main/DEBUG] [net.minecraftforge.fml.loading.LanguageLoadingProvider/CORE]: Found language provider minecraft, version 1.0
[10Oct2026 19:33:19.783] [main/DEBUG] [net.minecraftforge.fml.loading.LanguageLoadingProvider/CORE]: Found language provider lowcodefml, version 53
[10Oct2026 19:33:19.784] [main/DEBUG] [net.minecraftforge.fml.loading.LanguageLoadingProvider/CORE]: Found language provider javafml, version 53.1.0
[10Oct2026 19:33:19.787] [main/DEBUG] [net.minecraftforge.fml.loading.ModSorter/]: Configured system mods: [minecraft, forge]
[10Oct2026 19:33:19.788] [main/DEBUG] [net.minecraftforge.fml.loading.ModSorter/]: Found system mod: minecraft
[10Oct2026 19:33:19.788] [main/DEBUG] [net.minecraftforge.fml.loading.ModSorter/]: Found system mod: forge
[10Oct2026 19:33:19.794] [main/DEBUG] [net.minecraftforge.fml.loading.ModSorter/LOADING]: Found 2 mod requirements (2 mandatory, 0 optional)
[10Oct2026 19:33:19.794] [main/DEBUG] [net.minecraftforge.fml.loading.ModSorter/LOADING]: Found 0 mod requirements missing (0 mandatory, 0 optional)
[10Oct2026 19:33:20.323] [main/DEBUG] [net.minecraftforge.fml.loading.MCPNamingService/CORE]: Loaded 42082 method mappings from methods.csv
[10Oct2026 19:33:20.355] [main/DEBUG] [net.minecraftforge.fml.loading.MCPNamingService/CORE]: Loaded 37382 field mappings from fields.csv
[10Oct2026 19:33:20.373] [main/DEBUG] [cpw.mods.modlauncher.TransformationServicesHandler/MODLAUNCHER]: Transformation services loading transformers
[10Oct2026 19:33:20.374] [main/DEBUG] [cpw.mods.modlauncher.TransformationServiceDecorator/MODLAUNCHER]: Initializing transformers for transformation service mixin
[10Oct2026 19:33:20.374] [main/DEBUG] [cpw.mods.modlauncher.TransformationServiceDecorator/MODLAUNCHER]: Initialized transformers for transformation service mixin
[10Oct2026 19:33:20.374] [main/DEBUG] [cpw.mods.modlauncher.TransformationServiceDecorator/MODLAUNCHER]: Initializing transformers for transformation service fml
[10Oct2026 19:33:20.374] [main/DEBUG] [net.minecraftforge.fml.loading.FMLServiceProvider/CORE]: Loading coremod transformers
[10Oct2026 19:33:20.374] [main/DEBUG] [net.minecraftforge.coremod.CoreModEngine/COREMOD]: Loading CoreMod from /coremods/field_to_method.js
[10Oct2026 19:33:20.562] [main/DEBUG] [net.minecraftforge.coremod.CoreModEngine/COREMOD]: CoreMod loaded successfully
[10Oct2026 19:33:20.562] [main/DEBUG] [net.minecraftforge.coremod.CoreModEngine/COREMOD]: Loading CoreMod from /coremods/method_redirector.js
[10Oct2026 19:33:20.621] [main/DEBUG] [net.minecraftforge.coremod.CoreMod.forge/COREMODLOG]: Gathering Forge method redirector replacements
[10Oct2026 19:33:20.636] [main/DEBUG] [net.minecraftforge.coremod.CoreModEngine/COREMOD]: CoreMod loaded successfully
[10Oct2026 19:33:20.651] [main/DEBUG] [cpw.mods.modlauncher.TransformStore/MODLAUNCHER]: Adding transformer net.minecraftforge.coremod.transformer.CoreModClassTransformer@34c70b5e to Target : CLASS {Lnet/minecraft/world/level/biome/Biome;} {} {V}
[10Oct2026 19:33:20.652] [main/DEBUG] [cpw.mods.modlauncher.TransformStore/MODLAUNCHER]: Adding transformer net.minecraftforge.coremod.transformer.CoreModClassTransformer@10947c4e to Target : CLASS {Lnet/minecraft/world/effect/MobEffectInstance;} {} {V}
[10Oct2026 19:33:20.652] [main/DEBUG] [cpw.mods.modlauncher.TransformStore/MODLAUNCHER]: Adding transformer net.minecraftforge.coremod.transformer.CoreModClassTransformer@3667faa8 to Target : CLASS {Lnet/minecraft/world/level/block/LiquidBlock;} {} {V}
[10Oct2026 19:33:20.652] [main/DEBUG] [cpw.mods.modlauncher.TransformStore/MODLAUNCHER]: Adding transformer net.minecraftforge.coremod.transformer.CoreModClassTransformer@1756f7cc to Target : CLASS {Lnet/minecraft/world/item/BucketItem;} {} {V}
[10Oct2026 19:33:20.652] [main/DEBUG] [cpw.mods.modlauncher.TransformStore/MODLAUNCHER]: Adding transformer net.minecraftforge.coremod.transformer.CoreModClassTransformer@3138953b to Target : CLASS {Lnet/minecraft/world/level/block/FlowerPotBlock;} {} {V}
[10Oct2026 19:33:20.652] [main/DEBUG] [cpw.mods.modlauncher.TransformStore/MODLAUNCHER]: Adding transformer net.minecraftforge.coremod.transformer.CoreModClassTransformer@27df95e to Target : CLASS {Lnet/minecraft/world/entity/EntityType;} {} {V}
[10Oct2026 19:33:20.652] [main/DEBUG] [cpw.mods.modlauncher.TransformStore/MODLAUNCHER]: Adding transformer net.minecraftforge.coremod.transformer.CoreModClassTransformer@27df95e to Target : CLASS {Lnet/minecraft/world/entity/npc/Villager;} {} {V}
[10Oct2026 19:33:20.653] [main/DEBUG] [cpw.mods.modlauncher.TransformStore/MODLAUNCHER]: Adding transformer net.minecraftforge.coremod.transformer.CoreModClassTransformer@27df95e to Target : CLASS {Lnet/minecraft/world/level/levelgen/structure/structures/OceanRuinPieces$OceanRuinPiece;} {} {V}
[10Oct2026 19:33:20.653] [main/DEBUG] [cpw.mods.modlauncher.TransformStore/MODLAUNCHER]: Adding transformer net.minecraftforge.coremod.transformer.CoreModClassTransformer@27df95e to Target : CLASS {Lnet/minecraft/world/entity/monster/Spider;} {} {V}
[10Oct2026 19:33:20.653] [main/DEBUG] [cpw.mods.modlauncher.TransformStore/MODLAUNCHER]: Adding transformer net.minecraftforge.coremod.transformer.CoreModClassTransformer@27df95e to Target : CLASS {Lnet/minecraft/world/level/levelgen/structure/templatesystem/StructureTemplate;} {} {V}
[10Oct2026 19:33:20.653] [main/DEBUG] [cpw.mods.modlauncher.TransformStore/MODLAUNCHER]: Adding transformer net.minecraftforge.coremod.transformer.CoreModClassTransformer@27df95e to Target : CLASS {Lnet/minecraft/world/entity/monster/Zombie;} {} {V}
[10Oct2026 19:33:20.653] [main/DEBUG] [cpw.mods.modlauncher.TransformStore/MODLAUNCHER]: Adding transformer net.minecraftforge.coremod.transformer.CoreModClassTransformer@27df95e to Target : CLASS {Lnet/minecraft/world/entity/raid/Raid;} {} {V}
[10Oct2026 19:33:20.653] [main/DEBUG] [cpw.mods.modlauncher.TransformStore/MODLAUNCHER]: Adding transformer net.minecraftforge.coremod.transformer.CoreModClassTransformer@27df95e to Target : CLASS {Lnet/minecraft/world/level/levelgen/structure/structures/SwampHutPiece;} {} {V}
[10Oct2026 19:33:20.653] [main/DEBUG] [cpw.mods.modlauncher.TransformStore/MODLAUNCHER]: Adding transformer net.minecraftforge.coremod.transformer.CoreModClassTransformer@27df95e to Target : CLASS {Lnet/minecraft/world/level/levelgen/structure/structures/WoodlandMansionPieces$WoodlandMansionPiece;} {} {V}
[10Oct2026 19:33:20.653] [main/DEBUG] [cpw.mods.modlauncher.TransformStore/MODLAUNCHER]: Adding transformer net.minecraftforge.coremod.transformer.CoreModClassTransformer@27df95e to Target : CLASS {Lnet/minecraft/world/entity/npc/CatSpawner;} {} {V}
[10Oct2026 19:33:20.653] [main/DEBUG] [cpw.mods.modlauncher.TransformStore/MODLAUNCHER]: Adding transformer net.minecraftforge.coremod.transformer.CoreModClassTransformer@27df95e to Target : CLASS {Lnet/minecraft/server/commands/SummonCommand;} {} {V}
[10Oct2026 19:33:20.654] [main/DEBUG] [cpw.mods.modlauncher.TransformStore/MODLAUNCHER]: Adding transformer net.minecraftforge.coremod.transformer.CoreModClassTransformer@27df95e to Target : CLASS {Lnet/minecraft/server/commands/RaidCommand;} {} {V}
[10Oct2026 19:33:20.654] [main/DEBUG] [cpw.mods.modlauncher.TransformStore/MODLAUNCHER]: Adding transformer net.minecraftforge.coremod.transformer.CoreModClassTransformer@27df95e to Target : CLASS {Lnet/minecraft/world/entity/ai/village/VillageSiege;} {} {V}
[10Oct2026 19:33:20.654] [main/DEBUG] [cpw.mods.modlauncher.TransformStore/MODLAUNCHER]: Adding transformer net.minecraftforge.coremod.transformer.CoreModClassTransformer@27df95e to Target : CLASS {Lnet/minecraft/world/entity/animal/horse/SkeletonTrapGoal;} {} {V}
[10Oct2026 19:33:20.654] [main/DEBUG] [cpw.mods.modlauncher.TransformStore/MODLAUNCHER]: Adding transformer net.minecraftforge.coremod.transformer.CoreModClassTransformer@27df95e to Target : CLASS {Lnet/minecraft/world/entity/monster/Evoker$EvokerSummonSpellGoal;} {} {V}
[10Oct2026 19:33:20.654] [main/DEBUG] [cpw.mods.modlauncher.TransformStore/MODLAUNCHER]: Adding transformer net.minecraftforge.coremod.transformer.CoreModClassTransformer@27df95e to Target : CLASS {Lnet/minecraft/world/entity/monster/Strider;} {} {V}
[10Oct2026 19:33:20.654] [main/DEBUG] [cpw.mods.modlauncher.TransformStore/MODLAUNCHER]: Adding transformer net.minecraftforge.coremod.transformer.CoreModClassTransformer@27df95e to Target : CLASS {Lnet/minecraft/world/level/block/entity/trialspawner/TrialSpawner;} {} {V}
[10Oct2026 19:33:20.654] [main/DEBUG] [cpw.mods.modlauncher.TransformStore/MODLAUNCHER]: Adding transformer net.minecraftforge.coremod.transformer.CoreModClassTransformer@27df95e to Target : CLASS {Lnet/minecraft/world/level/levelgen/PatrolSpawner;} {} {V}
[10Oct2026 19:33:20.654] [main/DEBUG] [cpw.mods.modlauncher.TransformStore/MODLAUNCHER]: Adding transformer net.minecraftforge.coremod.transformer.CoreModClassTransformer@27df95e to Target : CLASS {Lnet/minecraft/world/level/NaturalSpawner;} {} {V}
[10Oct2026 19:33:20.654] [main/DEBUG] [cpw.mods.modlauncher.TransformStore/MODLAUNCHER]: Adding transformer net.minecraftforge.coremod.transformer.CoreModClassTransformer@27df95e to Target : CLASS {Lnet/minecraft/world/level/levelgen/structure/structures/OceanMonumentPieces$OceanMonumentPiece;} {} {V}
[10Oct2026 19:33:20.655] [main/DEBUG] [cpw.mods.modlauncher.TransformStore/MODLAUNCHER]: Adding transformer net.minecraftforge.coremod.transformer.CoreModClassTransformer@27df95e to Target : CLASS {Lnet/minecraft/world/entity/animal/frog/Tadpole;} {} {V}
[10Oct2026 19:33:20.655] [main/DEBUG] [cpw.mods.modlauncher.TransformStore/MODLAUNCHER]: Adding transformer net.minecraftforge.coremod.transformer.CoreModClassTransformer@27df95e to Target : CLASS {Lnet/minecraft/world/level/levelgen/PhantomSpawner;} {} {V}
[10Oct2026 19:33:20.655] [main/DEBUG] [cpw.mods.modlauncher.TransformStore/MODLAUNCHER]: Adding transformer net.minecraftforge.coremod.transformer.CoreModClassTransformer@27df95e to Target : CLASS {Lnet/minecraft/world/entity/monster/ZombieVillager;} {} {V}
[10Oct2026 19:33:20.655] [main/DEBUG] [cpw.mods.modlauncher.TransformationServiceDecorator/MODLAUNCHER]: Initialized transformers for transformation service fml
[10Oct2026 19:33:20.696] [main/DEBUG] [mixin/]: Processing prepare() for PlatformAgent[MixinPlatformAgentDefault:ModLauncher Root Container(ModLauncher:4f56a0a2)]
[10Oct2026 19:33:20.696] [main/DEBUG] [mixin/]: Processing launch tasks for PlatformAgent[MixinPlatformAgentDefault:ModLauncher Root Container(ModLauncher:4f56a0a2)]
[10Oct2026 19:33:20.696] [main/DEBUG] [mixin/]: Adding mixin platform agents for container SecureJarResource(mixin.synthetic)
[10Oct2026 19:33:20.696] [main/DEBUG] [mixin/]: Instancing new MixinPlatformAgentMinecraftForge for SecureJarResource(mixin.synthetic)
[10Oct2026 19:33:20.697] [main/DEBUG] [mixin/]: MixinPlatformAgentMinecraftForge rejected container SecureJarResource(mixin.synthetic)
[10Oct2026 19:33:20.697] [main/DEBUG] [mixin/]: Instancing new MixinPlatformAgentDefault for SecureJarResource(mixin.synthetic)
[10Oct2026 19:33:20.697] [main/DEBUG] [mixin/]: MixinPlatformAgentDefault accepted container SecureJarResource(mixin.synthetic)
[10Oct2026 19:33:20.697] [main/DEBUG] [mixin/]: Processing prepare() for PlatformAgent[MixinPlatformAgentDefault:SecureJarResource(mixin.synthetic)]
[10Oct2026 19:33:20.697] [main/DEBUG] [mixin/]: Adding mixin platform agents for container SecureJarResource(minecraft)
[10Oct2026 19:33:20.697] [main/DEBUG] [mixin/]: Instancing new MixinPlatformAgentMinecraftForge for SecureJarResource(minecraft)
[10Oct2026 19:33:20.697] [main/DEBUG] [mixin/]: MixinPlatformAgentMinecraftForge rejected container SecureJarResource(minecraft)
[10Oct2026 19:33:20.697] [main/DEBUG] [mixin/]: Instancing new MixinPlatformAgentDefault for SecureJarResource(minecraft)
[10Oct2026 19:33:20.698] [main/DEBUG] [mixin/]: MixinPlatformAgentDefault accepted container SecureJarResource(minecraft)
[10Oct2026 19:33:20.698] [main/DEBUG] [mixin/]: Processing prepare() for PlatformAgent[MixinPlatformAgentDefault:SecureJarResource(minecraft)]
[10Oct2026 19:33:20.698] [main/DEBUG] [mixin/]: Adding mixin platform agents for container SecureJarResource(doors_music_discs)
[10Oct2026 19:33:20.698] [main/DEBUG] [mixin/]: Instancing new MixinPlatformAgentMinecraftForge for SecureJarResource(doors_music_discs)
[10Oct2026 19:33:20.698] [main/DEBUG] [mixin/]: MixinPlatformAgentMinecraftForge rejected container SecureJarResource(doors_music_discs)
[10Oct2026 19:33:20.698] [main/DEBUG] [mixin/]: Instancing new MixinPlatformAgentDefault for SecureJarResource(doors_music_discs)
[10Oct2026 19:33:20.698] [main/DEBUG] [mixin/]: MixinPlatformAgentDefault accepted container SecureJarResource(doors_music_discs)
[10Oct2026 19:33:20.698] [main/DEBUG] [mixin/]: Processing prepare() for PlatformAgent[MixinPlatformAgentDefault:SecureJarResource(doors_music_discs)]
[10Oct2026 19:33:20.698] [main/DEBUG] [mixin/]: Adding mixin platform agents for container SecureJarResource(net.minecraftforge.forge)
[10Oct2026 19:33:20.698] [main/DEBUG] [mixin/]: Instancing new MixinPlatformAgentMinecraftForge for SecureJarResource(net.minecraftforge.forge)
[10Oct2026 19:33:20.698] [main/DEBUG] [mixin/]: MixinPlatformAgentMinecraftForge rejected container SecureJarResource(net.minecraftforge.forge)
[10Oct2026 19:33:20.698] [main/DEBUG] [mixin/]: Instancing new MixinPlatformAgentDefault for SecureJarResource(net.minecraftforge.forge)
[10Oct2026 19:33:20.698] [main/DEBUG] [mixin/]: MixinPlatformAgentDefault accepted container SecureJarResource(net.minecraftforge.forge)
[10Oct2026 19:33:20.698] [main/DEBUG] [mixin/]: Processing prepare() for PlatformAgent[MixinPlatformAgentDefault:SecureJarResource(net.minecraftforge.forge)]
[10Oct2026 19:33:20.699] [main/DEBUG] [mixin/]: inject() running with 5 agents
[10Oct2026 19:33:20.699] [main/DEBUG] [mixin/]: Processing inject() for PlatformAgent[MixinPlatformAgentDefault:ModLauncher Root Container(ModLauncher:4f56a0a2)]
[10Oct2026 19:33:20.699] [main/DEBUG] [mixin/]: Processing inject() for PlatformAgent[MixinPlatformAgentDefault:SecureJarResource(mixin.synthetic)]
[10Oct2026 19:33:20.699] [main/DEBUG] [mixin/]: Processing inject() for PlatformAgent[MixinPlatformAgentDefault:SecureJarResource(minecraft)]
[10Oct2026 19:33:20.699] [main/DEBUG] [mixin/]: Processing inject() for PlatformAgent[MixinPlatformAgentDefault:SecureJarResource(doors_music_discs)]
[10Oct2026 19:33:20.699] [main/DEBUG] [mixin/]: Processing inject() for PlatformAgent[MixinPlatformAgentDefault:SecureJarResource(net.minecraftforge.forge)]
[10Oct2026 19:33:20.700] [main/INFO] [cpw.mods.modlauncher.LaunchServiceHandler/MODLAUNCHER]: Launching target 'forge_userdev_data' with arguments [--gameDir, ., --assetsDir, E:\GradleFiles\caches\forge_gradle\assets, --assetIndex, 18, --mod, doors_music_discs, --all, --output, E:\Minecraft Modding Workspaces\doors-music-discs\src\generated\resources, --existing, E:\Minecraft Modding Workspaces\doors-music-discs\src\main\resources]
[10Oct2026 19:33:20.724] [main/DEBUG] [mixin/]: Preparing mixins for MixinEnvironment[DEFAULT]
[10Oct2026 19:33:20.852] [main/DEBUG] [io.netty.util.internal.logging.InternalLoggerFactory/]: Using SLF4J as the default logging framework
[10Oct2026 19:33:20.856] [main/DEBUG] [io.netty.util.ResourceLeakDetector/]: -Dio.netty.leakDetection.level: simple
[10Oct2026 19:33:20.856] [main/DEBUG] [io.netty.util.ResourceLeakDetector/]: -Dio.netty.leakDetection.targetRecords: 4
[10Oct2026 19:33:21.603] [main/DEBUG] [net.minecraftforge.coremod.transformer.CoreModBaseTransformer/COREMOD]: Transforming net/minecraft/world/entity/EntityType
[10Oct2026 19:33:21.674] [main/DEBUG] [net.minecraftforge.coremod.CoreMod.forge/COREMODLOG]: Redirecting method call finalizeSpawn(Lnet/minecraft/world/level/ServerLevelAccessor;Lnet/minecraft/world/DifficultyInstance;Lnet/minecraft/world/entity/EntitySpawnReason;Lnet/minecraft/world/entity/SpawnGroupData;)Lnet/minecraft/world/entity/SpawnGroupData; to onFinalizeSpawn(Lnet/minecraft/world/entity/Mob;Lnet/minecraft/world/level/ServerLevelAccessor;Lnet/minecraft/world/DifficultyInstance;Lnet/minecraft/world/entity/EntitySpawnReason;Lnet/minecraft/world/entity/SpawnGroupData;)Lnet/minecraft/world/entity/SpawnGroupData; inside of net/minecraft/world/entity/EntityType.create
[10Oct2026 19:33:22.114] [main/DEBUG] [net.minecraftforge.coremod.transformer.CoreModBaseTransformer/COREMOD]: Transforming net/minecraft/world/level/block/FlowerPotBlock
[10Oct2026 19:33:22.147] [main/DEBUG] [net.minecraftforge.coremod.transformer.CoreModBaseTransformer/COREMOD]: Transforming net/minecraft/world/level/block/LiquidBlock
[10Oct2026 19:33:22.474] [main/DEBUG] [net.minecraftforge.coremod.transformer.CoreModBaseTransformer/COREMOD]: Transforming net/minecraft/world/effect/MobEffectInstance
[10Oct2026 19:33:22.722] [main/DEBUG] [net.minecraftforge.coremod.transformer.CoreModBaseTransformer/COREMOD]: Transforming net/minecraft/world/level/biome/Biome
[10Oct2026 19:33:23.221] [main/DEBUG] [net.minecraftforge.coremod.transformer.CoreModBaseTransformer/COREMOD]: Transforming net/minecraft/world/entity/animal/frog/Tadpole
[10Oct2026 19:33:23.222] [main/DEBUG] [net.minecraftforge.coremod.CoreMod.forge/COREMODLOG]: Redirecting method call finalizeSpawn(Lnet/minecraft/world/level/ServerLevelAccessor;Lnet/minecraft/world/DifficultyInstance;Lnet/minecraft/world/entity/EntitySpawnReason;Lnet/minecraft/world/entity/SpawnGroupData;)Lnet/minecraft/world/entity/SpawnGroupData; to onFinalizeSpawn(Lnet/minecraft/world/entity/Mob;Lnet/minecraft/world/level/ServerLevelAccessor;Lnet/minecraft/world/DifficultyInstance;Lnet/minecraft/world/entity/EntitySpawnReason;Lnet/minecraft/world/entity/SpawnGroupData;)Lnet/minecraft/world/entity/SpawnGroupData; inside of net/minecraft/world/entity/animal/frog/Tadpole.lambda$ageUp$1
[10Oct2026 19:33:23.353] [main/DEBUG] [net.minecraftforge.coremod.transformer.CoreModBaseTransformer/COREMOD]: Transforming net/minecraft/world/item/BucketItem
[10Oct2026 19:33:24.087] [main/DEBUG] [net.minecraftforge.coremod.transformer.CoreModBaseTransformer/COREMOD]: Transforming net/minecraft/world/entity/monster/Spider
[10Oct2026 19:33:24.089] [main/DEBUG] [net.minecraftforge.coremod.CoreMod.forge/COREMODLOG]: Redirecting method call finalizeSpawn(Lnet/minecraft/world/level/ServerLevelAccessor;Lnet/minecraft/world/DifficultyInstance;Lnet/minecraft/world/entity/EntitySpawnReason;Lnet/minecraft/world/entity/SpawnGroupData;)Lnet/minecraft/world/entity/SpawnGroupData; to onFinalizeSpawn(Lnet/minecraft/world/entity/Mob;Lnet/minecraft/world/level/ServerLevelAccessor;Lnet/minecraft/world/DifficultyInstance;Lnet/minecraft/world/entity/EntitySpawnReason;Lnet/minecraft/world/entity/SpawnGroupData;)Lnet/minecraft/world/entity/SpawnGroupData; inside of net/minecraft/world/entity/monster/Spider.finalizeSpawn
[10Oct2026 19:33:24.123] [main/DEBUG] [net.minecraftforge.coremod.transformer.CoreModBaseTransformer/COREMOD]: Transforming net/minecraft/world/entity/monster/Zombie
[10Oct2026 19:33:24.126] [main/DEBUG] [net.minecraftforge.coremod.CoreMod.forge/COREMODLOG]: Redirecting method call finalizeSpawn(Lnet/minecraft/world/level/ServerLevelAccessor;Lnet/minecraft/world/DifficultyInstance;Lnet/minecraft/world/entity/EntitySpawnReason;Lnet/minecraft/world/entity/SpawnGroupData;)Lnet/minecraft/world/entity/SpawnGroupData; to onFinalizeSpawn(Lnet/minecraft/world/entity/Mob;Lnet/minecraft/world/level/ServerLevelAccessor;Lnet/minecraft/world/DifficultyInstance;Lnet/minecraft/world/entity/EntitySpawnReason;Lnet/minecraft/world/entity/SpawnGroupData;)Lnet/minecraft/world/entity/SpawnGroupData; inside of net/minecraft/world/entity/monster/Zombie.hurtServer
[10Oct2026 19:33:24.131] [main/DEBUG] [net.minecraftforge.coremod.CoreMod.forge/COREMODLOG]: Redirecting method call finalizeSpawn(Lnet/minecraft/world/level/ServerLevelAccessor;Lnet/minecraft/world/DifficultyInstance;Lnet/minecraft/world/entity/EntitySpawnReason;Lnet/minecraft/world/entity/SpawnGroupData;)Lnet/minecraft/world/entity/SpawnGroupData; to onFinalizeSpawn(Lnet/minecraft/world/entity/Mob;Lnet/minecraft/world/level/ServerLevelAccessor;Lnet/minecraft/world/DifficultyInstance;Lnet/minecraft/world/entity/EntitySpawnReason;Lnet/minecraft/world/entity/SpawnGroupData;)Lnet/minecraft/world/entity/SpawnGroupData; inside of net/minecraft/world/entity/monster/Zombie.finalizeSpawn
[10Oct2026 19:33:24.135] [main/DEBUG] [net.minecraftforge.coremod.CoreMod.forge/COREMODLOG]: Redirecting method call finalizeSpawn(Lnet/minecraft/world/level/ServerLevelAccessor;Lnet/minecraft/world/DifficultyInstance;Lnet/minecraft/world/entity/EntitySpawnReason;Lnet/minecraft/world/entity/SpawnGroupData;)Lnet/minecraft/world/entity/SpawnGroupData; to onFinalizeSpawn(Lnet/minecraft/world/entity/Mob;Lnet/minecraft/world/level/ServerLevelAccessor;Lnet/minecraft/world/DifficultyInstance;Lnet/minecraft/world/entity/EntitySpawnReason;Lnet/minecraft/world/entity/SpawnGroupData;)Lnet/minecraft/world/entity/SpawnGroupData; inside of net/minecraft/world/entity/monster/Zombie.lambda$convertVillagerToZombieVillager$4
[10Oct2026 19:33:24.146] [main/DEBUG] [net.minecraftforge.coremod.transformer.CoreModBaseTransformer/COREMOD]: Transforming net/minecraft/world/entity/npc/Villager
[10Oct2026 19:33:24.150] [main/DEBUG] [net.minecraftforge.coremod.CoreMod.forge/COREMODLOG]: Redirecting method call finalizeSpawn(Lnet/minecraft/world/level/ServerLevelAccessor;Lnet/minecraft/world/DifficultyInstance;Lnet/minecraft/world/entity/EntitySpawnReason;Lnet/minecraft/world/entity/SpawnGroupData;)Lnet/minecraft/world/entity/SpawnGroupData; to onFinalizeSpawn(Lnet/minecraft/world/entity/Mob;Lnet/minecraft/world/level/ServerLevelAccessor;Lnet/minecraft/world/DifficultyInstance;Lnet/minecraft/world/entity/EntitySpawnReason;Lnet/minecraft/world/entity/SpawnGroupData;)Lnet/minecraft/world/entity/SpawnGroupData; inside of net/minecraft/world/entity/npc/Villager.getBreedOffspring
[10Oct2026 19:33:24.151] [main/DEBUG] [net.minecraftforge.coremod.CoreMod.forge/COREMODLOG]: Redirecting method call finalizeSpawn(Lnet/minecraft/world/level/ServerLevelAccessor;Lnet/minecraft/world/DifficultyInstance;Lnet/minecraft/world/entity/EntitySpawnReason;Lnet/minecraft/world/entity/SpawnGroupData;)Lnet/minecraft/world/entity/SpawnGroupData; to onFinalizeSpawn(Lnet/minecraft/world/entity/Mob;Lnet/minecraft/world/level/ServerLevelAccessor;Lnet/minecraft/world/DifficultyInstance;Lnet/minecraft/world/entity/EntitySpawnReason;Lnet/minecraft/world/entity/SpawnGroupData;)Lnet/minecraft/world/entity/SpawnGroupData; inside of net/minecraft/world/entity/npc/Villager.lambda$thunderHit$10
[10Oct2026 19:33:24.161] [main/DEBUG] [net.minecraftforge.coremod.transformer.CoreModBaseTransformer/COREMOD]: Transforming net/minecraft/world/entity/monster/ZombieVillager
[10Oct2026 19:33:24.164] [main/DEBUG] [net.minecraftforge.coremod.CoreMod.forge/COREMODLOG]: Redirecting method call finalizeSpawn(Lnet/minecraft/world/level/ServerLevelAccessor;Lnet/minecraft/world/DifficultyInstance;Lnet/minecraft/world/entity/EntitySpawnReason;Lnet/minecraft/world/entity/SpawnGroupData;)Lnet/minecraft/world/entity/SpawnGroupData; to onFinalizeSpawn(Lnet/minecraft/world/entity/Mob;Lnet/minecraft/world/level/ServerLevelAccessor;Lnet/minecraft/world/DifficultyInstance;Lnet/minecraft/world/entity/EntitySpawnReason;Lnet/minecraft/world/entity/SpawnGroupData;)Lnet/minecraft/world/entity/SpawnGroupData; inside of net/minecraft/world/entity/monster/ZombieVillager.lambda$finishConversion$5
[10Oct2026 19:33:24.188] [main/DEBUG] [net.minecraftforge.coremod.transformer.CoreModBaseTransformer/COREMOD]: Transforming net/minecraft/world/entity/monster/Evoker$EvokerSummonSpellGoal
[10Oct2026 19:33:24.190] [main/DEBUG] [net.minecraftforge.coremod.CoreMod.forge/COREMODLOG]: Redirecting method call finalizeSpawn(Lnet/minecraft/world/level/ServerLevelAccessor;Lnet/minecraft/world/DifficultyInstance;Lnet/minecraft/world/entity/EntitySpawnReason;Lnet/minecraft/world/entity/SpawnGroupData;)Lnet/minecraft/world/entity/SpawnGroupData; to onFinalizeSpawn(Lnet/minecraft/world/entity/Mob;Lnet/minecraft/world/level/ServerLevelAccessor;Lnet/minecraft/world/DifficultyInstance;Lnet/minecraft/world/entity/EntitySpawnReason;Lnet/minecraft/world/entity/SpawnGroupData;)Lnet/minecraft/world/entity/SpawnGroupData; inside of net/minecraft/world/entity/monster/Evoker$EvokerSummonSpellGoal.performSpellCasting
[10Oct2026 19:33:24.296] [main/DEBUG] [net.minecraftforge.coremod.transformer.CoreModBaseTransformer/COREMOD]: Transforming net/minecraft/world/entity/animal/horse/SkeletonTrapGoal
[10Oct2026 19:33:24.297] [main/DEBUG] [net.minecraftforge.coremod.CoreMod.forge/COREMODLOG]: Redirecting method call finalizeSpawn(Lnet/minecraft/world/level/ServerLevelAccessor;Lnet/minecraft/world/DifficultyInstance;Lnet/minecraft/world/entity/EntitySpawnReason;Lnet/minecraft/world/entity/SpawnGroupData;)Lnet/minecraft/world/entity/SpawnGroupData; to onFinalizeSpawn(Lnet/minecraft/world/entity/Mob;Lnet/minecraft/world/level/ServerLevelAccessor;Lnet/minecraft/world/DifficultyInstance;Lnet/minecraft/world/entity/EntitySpawnReason;Lnet/minecraft/world/entity/SpawnGroupData;)Lnet/minecraft/world/entity/SpawnGroupData; inside of net/minecraft/world/entity/animal/horse/SkeletonTrapGoal.createHorse
[10Oct2026 19:33:24.299] [main/DEBUG] [net.minecraftforge.coremod.CoreMod.forge/COREMODLOG]: Redirecting method call finalizeSpawn(Lnet/minecraft/world/level/ServerLevelAccessor;Lnet/minecraft/world/DifficultyInstance;Lnet/minecraft/world/entity/EntitySpawnReason;Lnet/minecraft/world/entity/SpawnGroupData;)Lnet/minecraft/world/entity/SpawnGroupData; to onFinalizeSpawn(Lnet/minecraft/world/entity/Mob;Lnet/minecraft/world/level/ServerLevelAccessor;Lnet/minecraft/world/DifficultyInstance;Lnet/minecraft/world/entity/EntitySpawnReason;Lnet/minecraft/world/entity/SpawnGroupData;)Lnet/minecraft/world/entity/SpawnGroupData; inside of net/minecraft/world/entity/animal/horse/SkeletonTrapGoal.createSkeleton
[10Oct2026 19:33:24.307] [main/DEBUG] [net.minecraftforge.coremod.transformer.CoreModBaseTransformer/COREMOD]: Transforming net/minecraft/world/entity/monster/Strider
[10Oct2026 19:33:24.308] [main/DEBUG] [net.minecraftforge.coremod.CoreMod.forge/COREMODLOG]: Redirecting method call finalizeSpawn(Lnet/minecraft/world/level/ServerLevelAccessor;Lnet/minecraft/world/DifficultyInstance;Lnet/minecraft/world/entity/EntitySpawnReason;Lnet/minecraft/world/entity/SpawnGroupData;)Lnet/minecraft/world/entity/SpawnGroupData; to onFinalizeSpawn(Lnet/minecraft/world/entity/Mob;Lnet/minecraft/world/level/ServerLevelAccessor;Lnet/minecraft/world/DifficultyInstance;Lnet/minecraft/world/entity/EntitySpawnReason;Lnet/minecraft/world/entity/SpawnGroupData;)Lnet/minecraft/world/entity/SpawnGroupData; inside of net/minecraft/world/entity/monster/Strider.spawnJockey
[10Oct2026 19:33:25.047] [main/DEBUG] [net.minecraftforge.coremod.transformer.CoreModBaseTransformer/COREMOD]: Transforming net/minecraft/world/level/levelgen/structure/structures/OceanRuinPieces$OceanRuinPiece
[10Oct2026 19:33:25.049] [main/DEBUG] [net.minecraftforge.coremod.CoreMod.forge/COREMODLOG]: Redirecting method call finalizeSpawn(Lnet/minecraft/world/level/ServerLevelAccessor;Lnet/minecraft/world/DifficultyInstance;Lnet/minecraft/world/entity/EntitySpawnReason;Lnet/minecraft/world/entity/SpawnGroupData;)Lnet/minecraft/world/entity/SpawnGroupData; to onFinalizeSpawn(Lnet/minecraft/world/entity/Mob;Lnet/minecraft/world/level/ServerLevelAccessor;Lnet/minecraft/world/DifficultyInstance;Lnet/minecraft/world/entity/EntitySpawnReason;Lnet/minecraft/world/entity/SpawnGroupData;)Lnet/minecraft/world/entity/SpawnGroupData; inside of net/minecraft/world/level/levelgen/structure/structures/OceanRuinPieces$OceanRuinPiece.handleDataMarker
[10Oct2026 19:33:25.052] [main/DEBUG] [net.minecraftforge.coremod.transformer.CoreModBaseTransformer/COREMOD]: Transforming net/minecraft/world/level/levelgen/structure/structures/SwampHutPiece
[10Oct2026 19:33:25.055] [main/DEBUG] [net.minecraftforge.coremod.CoreMod.forge/COREMODLOG]: Redirecting method call finalizeSpawn(Lnet/minecraft/world/level/ServerLevelAccessor;Lnet/minecraft/world/DifficultyInstance;Lnet/minecraft/world/entity/EntitySpawnReason;Lnet/minecraft/world/entity/SpawnGroupData;)Lnet/minecraft/world/entity/SpawnGroupData; to onFinalizeSpawn(Lnet/minecraft/world/entity/Mob;Lnet/minecraft/world/level/ServerLevelAccessor;Lnet/minecraft/world/DifficultyInstance;Lnet/minecraft/world/entity/EntitySpawnReason;Lnet/minecraft/world/entity/SpawnGroupData;)Lnet/minecraft/world/entity/SpawnGroupData; inside of net/minecraft/world/level/levelgen/structure/structures/SwampHutPiece.postProcess
[10Oct2026 19:33:25.056] [main/DEBUG] [net.minecraftforge.coremod.CoreMod.forge/COREMODLOG]: Redirecting method call finalizeSpawn(Lnet/minecraft/world/level/ServerLevelAccessor;Lnet/minecraft/world/DifficultyInstance;Lnet/minecraft/world/entity/EntitySpawnReason;Lnet/minecraft/world/entity/SpawnGroupData;)Lnet/minecraft/world/entity/SpawnGroupData; to onFinalizeSpawn(Lnet/minecraft/world/entity/Mob;Lnet/minecraft/world/level/ServerLevelAccessor;Lnet/minecraft/world/DifficultyInstance;Lnet/minecraft/world/entity/EntitySpawnReason;Lnet/minecraft/world/entity/SpawnGroupData;)Lnet/minecraft/world/entity/SpawnGroupData; inside of net/minecraft/world/level/levelgen/structure/structures/SwampHutPiece.spawnCat
[10Oct2026 19:33:25.060] [main/DEBUG] [net.minecraftforge.coremod.transformer.CoreModBaseTransformer/COREMOD]: Transforming net/minecraft/world/level/levelgen/structure/structures/OceanMonumentPieces$OceanMonumentPiece
[10Oct2026 19:33:25.061] [main/DEBUG] [net.minecraftforge.coremod.CoreMod.forge/COREMODLOG]: Redirecting method call finalizeSpawn(Lnet/minecraft/world/level/ServerLevelAccessor;Lnet/minecraft/world/DifficultyInstance;Lnet/minecraft/world/entity/EntitySpawnReason;Lnet/minecraft/world/entity/SpawnGroupData;)Lnet/minecraft/world/entity/SpawnGroupData; to onFinalizeSpawn(Lnet/minecraft/world/entity/Mob;Lnet/minecraft/world/level/ServerLevelAccessor;Lnet/minecraft/world/DifficultyInstance;Lnet/minecraft/world/entity/EntitySpawnReason;Lnet/minecraft/world/entity/SpawnGroupData;)Lnet/minecraft/world/entity/SpawnGroupData; inside of net/minecraft/world/level/levelgen/structure/structures/OceanMonumentPieces$OceanMonumentPiece.spawnElder
[10Oct2026 19:33:25.069] [main/DEBUG] [net.minecraftforge.coremod.transformer.CoreModBaseTransformer/COREMOD]: Transforming net/minecraft/world/level/levelgen/structure/structures/WoodlandMansionPieces$WoodlandMansionPiece
[10Oct2026 19:33:25.075] [main/DEBUG] [net.minecraftforge.coremod.CoreMod.forge/COREMODLOG]: Redirecting method call finalizeSpawn(Lnet/minecraft/world/level/ServerLevelAccessor;Lnet/minecraft/world/DifficultyInstance;Lnet/minecraft/world/entity/EntitySpawnReason;Lnet/minecraft/world/entity/SpawnGroupData;)Lnet/minecraft/world/entity/SpawnGroupData; to onFinalizeSpawn(Lnet/minecraft/world/entity/Mob;Lnet/minecraft/world/level/ServerLevelAccessor;Lnet/minecraft/world/DifficultyInstance;Lnet/minecraft/world/entity/EntitySpawnReason;Lnet/minecraft/world/entity/SpawnGroupData;)Lnet/minecraft/world/entity/SpawnGroupData; inside of net/minecraft/world/level/levelgen/structure/structures/WoodlandMansionPieces$WoodlandMansionPiece.handleDataMarker
[10Oct2026 19:33:25.486] [main/DEBUG] [net.minecraftforge.registries.GameData/REGISTRIES]: Creating vanilla freeze snapshot
[10Oct2026 19:33:25.487] [main/DEBUG] [net.minecraftforge.registries.ForgeRegistry/REGISTRIES]: Registry minecraft:block Sync: VANILLA -> ACTIVE
[10Oct2026 19:33:25.498] [main/DEBUG] [net.minecraftforge.registries.ForgeRegistry/REGISTRIES]: Registry minecraft:fluid Sync: VANILLA -> ACTIVE
[10Oct2026 19:33:25.499] [main/DEBUG] [net.minecraftforge.registries.ForgeRegistry/REGISTRIES]: Registry minecraft:item Sync: VANILLA -> ACTIVE
[10Oct2026 19:33:25.506] [main/DEBUG] [net.minecraftforge.registries.ForgeRegistry/REGISTRIES]: Registry minecraft:mob_effect Sync: VANILLA -> ACTIVE
[10Oct2026 19:33:25.507] [main/DEBUG] [net.minecraftforge.registries.ForgeRegistry/REGISTRIES]: Registry minecraft:sound_event Sync: VANILLA -> ACTIVE
[10Oct2026 19:33:25.517] [main/DEBUG] [net.minecraftforge.registries.ForgeRegistry/REGISTRIES]: Registry minecraft:potion Sync: VANILLA -> ACTIVE
[10Oct2026 19:33:25.517] [main/DEBUG] [net.minecraftforge.registries.ForgeRegistry/REGISTRIES]: Registry minecraft:entity_type Sync: VANILLA -> ACTIVE
[10Oct2026 19:33:25.518] [main/DEBUG] [net.minecraftforge.registries.ForgeRegistry/REGISTRIES]: Registry minecraft:block_entity_type Sync: VANILLA -> ACTIVE
[10Oct2026 19:33:25.518] [main/DEBUG] [net.minecraftforge.registries.ForgeRegistry/REGISTRIES]: Registry minecraft:particle_type Sync: VANILLA -> ACTIVE
[10Oct2026 19:33:25.519] [main/DEBUG] [net.minecraftforge.registries.ForgeRegistry/REGISTRIES]: Registry minecraft:menu Sync: VANILLA -> ACTIVE
[10Oct2026 19:33:25.520] [main/DEBUG] [net.minecraftforge.registries.ForgeRegistry/REGISTRIES]: Registry minecraft:painting_variant Sync: VANILLA -> ACTIVE
[10Oct2026 19:33:25.520] [main/DEBUG] [net.minecraftforge.registries.ForgeRegistry/REGISTRIES]: Registry minecraft:recipe_type Sync: VANILLA -> ACTIVE
[10Oct2026 19:33:25.520] [main/DEBUG] [net.minecraftforge.registries.ForgeRegistry/REGISTRIES]: Registry minecraft:recipe_serializer Sync: VANILLA -> ACTIVE
[10Oct2026 19:33:25.520] [main/DEBUG] [net.minecraftforge.registries.ForgeRegistry/REGISTRIES]: Registry minecraft:attribute Sync: VANILLA -> ACTIVE
[10Oct2026 19:33:25.520] [main/DEBUG] [net.minecraftforge.registries.ForgeRegistry/REGISTRIES]: Registry minecraft:stat_type Sync: VANILLA -> ACTIVE
[10Oct2026 19:33:25.520] [main/DEBUG] [net.minecraftforge.registries.ForgeRegistry/REGISTRIES]: Registry minecraft:command_argument_type Sync: VANILLA -> ACTIVE
[10Oct2026 19:33:25.521] [main/DEBUG] [net.minecraftforge.registries.ForgeRegistry/REGISTRIES]: Registry minecraft:data_component_type Sync: VANILLA -> ACTIVE
[10Oct2026 19:33:25.521] [main/DEBUG] [net.minecraftforge.registries.ForgeRegistry/REGISTRIES]: Registry minecraft:villager_profession Sync: VANILLA -> ACTIVE
[10Oct2026 19:33:25.522] [main/DEBUG] [net.minecraftforge.registries.ForgeRegistry/REGISTRIES]: Registry minecraft:point_of_interest_type Sync: VANILLA -> ACTIVE
[10Oct2026 19:33:25.524] [main/DEBUG] [net.minecraftforge.registries.ForgeRegistry/REGISTRIES]: Registry minecraft:memory_module_type Sync: VANILLA -> ACTIVE
[10Oct2026 19:33:25.525] [main/DEBUG] [net.minecraftforge.registries.ForgeRegistry/REGISTRIES]: Registry minecraft:sensor_type Sync: VANILLA -> ACTIVE
[10Oct2026 19:33:25.525] [main/DEBUG] [net.minecraftforge.registries.ForgeRegistry/REGISTRIES]: Registry minecraft:schedule Sync: VANILLA -> ACTIVE
[10Oct2026 19:33:25.525] [main/DEBUG] [net.minecraftforge.registries.ForgeRegistry/REGISTRIES]: Registry minecraft:activity Sync: VANILLA -> ACTIVE
[10Oct2026 19:33:25.525] [main/DEBUG] [net.minecraftforge.registries.ForgeRegistry/REGISTRIES]: Registry minecraft:worldgen/carver Sync: VANILLA -> ACTIVE
[10Oct2026 19:33:25.525] [main/DEBUG] [net.minecraftforge.registries.ForgeRegistry/REGISTRIES]: Registry minecraft:worldgen/feature Sync: VANILLA -> ACTIVE
[10Oct2026 19:33:25.526] [main/DEBUG] [net.minecraftforge.registries.ForgeRegistry/REGISTRIES]: Registry minecraft:chunk_status Sync: VANILLA -> ACTIVE
[10Oct2026 19:33:25.526] [main/DEBUG] [net.minecraftforge.registries.ForgeRegistry/REGISTRIES]: Registry minecraft:worldgen/block_state_provider_type Sync: VANILLA -> ACTIVE
[10Oct2026 19:33:25.526] [main/DEBUG] [net.minecraftforge.registries.ForgeRegistry/REGISTRIES]: Registry minecraft:worldgen/foliage_placer_type Sync: VANILLA -> ACTIVE
[10Oct2026 19:33:25.526] [main/DEBUG] [net.minecraftforge.registries.ForgeRegistry/REGISTRIES]: Registry minecraft:worldgen/tree_decorator_type Sync: VANILLA -> ACTIVE
[10Oct2026 19:33:25.526] [main/DEBUG] [net.minecraftforge.registries.ForgeRegistry/REGISTRIES]: Registry minecraft:worldgen/biome Sync: VANILLA -> ACTIVE
[10Oct2026 19:33:25.530] [main/DEBUG] [net.minecraftforge.registries.GameData/REGISTRIES]: Vanilla registry order:
[10Oct2026 19:33:25.531] [main/INFO] [net.minecraftforge.registries.GameData/REGISTRIES]: 	minecraft:root
[10Oct2026 19:33:25.531] [main/INFO] [net.minecraftforge.registries.GameData/REGISTRIES]: 	minecraft:sound_event
[10Oct2026 19:33:25.531] [main/INFO] [net.minecraftforge.registries.GameData/REGISTRIES]: 	minecraft:fluid
[10Oct2026 19:33:25.531] [main/INFO] [net.minecraftforge.registries.GameData/REGISTRIES]: 	minecraft:attribute
[10Oct2026 19:33:25.531] [main/INFO] [net.minecraftforge.registries.GameData/REGISTRIES]: 	minecraft:particle_type
[10Oct2026 19:33:25.531] [main/INFO] [net.minecraftforge.registries.GameData/REGISTRIES]: 	minecraft:mob_effect
[10Oct2026 19:33:25.531] [main/INFO] [net.minecraftforge.registries.GameData/REGISTRIES]: 	minecraft:block
[10Oct2026 19:33:25.531] [main/INFO] [net.minecraftforge.registries.GameData/REGISTRIES]: 	minecraft:enchantment_effect_component_type
[10Oct2026 19:33:25.531] [main/INFO] [net.minecraftforge.registries.GameData/REGISTRIES]: 	minecraft:data_component_type
[10Oct2026 19:33:25.531] [main/INFO] [net.minecraftforge.registries.GameData/REGISTRIES]: 	minecraft:entity_type
[10Oct2026 19:33:25.532] [main/INFO] [net.minecraftforge.registries.GameData/REGISTRIES]: 	minecraft:item
[10Oct2026 19:33:25.532] [main/INFO] [net.minecraftforge.registries.GameData/REGISTRIES]: 	minecraft:game_event
[10Oct2026 19:33:25.532] [main/INFO] [net.minecraftforge.registries.GameData/REGISTRIES]: 	minecraft:potion
[10Oct2026 19:33:25.532] [main/INFO] [net.minecraftforge.registries.GameData/REGISTRIES]: 	minecraft:block_entity_type
[10Oct2026 19:33:25.532] [main/INFO] [net.minecraftforge.registries.GameData/REGISTRIES]: 	minecraft:stat_type
[10Oct2026 19:33:25.532] [main/INFO] [net.minecraftforge.registries.GameData/REGISTRIES]: 	minecraft:custom_stat
[10Oct2026 19:33:25.532] [main/INFO] [net.minecraftforge.registries.GameData/REGISTRIES]: 	minecraft:chunk_status
[10Oct2026 19:33:25.532] [main/INFO] [net.minecraftforge.registries.GameData/REGISTRIES]: 	minecraft:rule_test
[10Oct2026 19:33:25.532] [main/INFO] [net.minecraftforge.registries.GameData/REGISTRIES]: 	minecraft:rule_block_entity_modifier
[10Oct2026 19:33:25.532] [main/INFO] [net.minecraftforge.registries.GameData/REGISTRIES]: 	minecraft:pos_rule_test
[10Oct2026 19:33:25.532] [main/INFO] [net.minecraftforge.registries.GameData/REGISTRIES]: 	minecraft:menu
[10Oct2026 19:33:25.533] [main/INFO] [net.minecraftforge.registries.GameData/REGISTRIES]: 	minecraft:recipe_type
[10Oct2026 19:33:25.533] [main/INFO] [net.minecraftforge.registries.GameData/REGISTRIES]: 	minecraft:recipe_serializer
[10Oct2026 19:33:25.533] [main/INFO] [net.minecraftforge.registries.GameData/REGISTRIES]: 	minecraft:position_source_type
[10Oct2026 19:33:25.533] [main/INFO] [net.minecraftforge.registries.GameData/REGISTRIES]: 	minecraft:command_argument_type
[10Oct2026 19:33:25.533] [main/INFO] [net.minecraftforge.registries.GameData/REGISTRIES]: 	minecraft:villager_type
[10Oct2026 19:33:25.533] [main/INFO] [net.minecraftforge.registries.GameData/REGISTRIES]: 	minecraft:villager_profession
[10Oct2026 19:33:25.533] [main/INFO] [net.minecraftforge.registries.GameData/REGISTRIES]: 	minecraft:point_of_interest_type
[10Oct2026 19:33:25.533] [main/INFO] [net.minecraftforge.registries.GameData/REGISTRIES]: 	minecraft:memory_module_type
[10Oct2026 19:33:25.533] [main/INFO] [net.minecraftforge.registries.GameData/REGISTRIES]: 	minecraft:sensor_type
[10Oct2026 19:33:25.533] [main/INFO] [net.minecraftforge.registries.GameData/REGISTRIES]: 	minecraft:activity
[10Oct2026 19:33:25.533] [main/INFO] [net.minecraftforge.registries.GameData/REGISTRIES]: 	minecraft:schedule
[10Oct2026 19:33:25.533] [main/INFO] [net.minecraftforge.registries.GameData/REGISTRIES]: 	minecraft:loot_score_provider_type
[10Oct2026 19:33:25.533] [main/INFO] [net.minecraftforge.registries.GameData/REGISTRIES]: 	minecraft:loot_number_provider_type
[10Oct2026 19:33:25.533] [main/INFO] [net.minecraftforge.registries.GameData/REGISTRIES]: 	minecraft:map_decoration_type
[10Oct2026 19:33:25.533] [main/INFO] [net.minecraftforge.registries.GameData/REGISTRIES]: 	minecraft:loot_nbt_provider_type
[10Oct2026 19:33:25.533] [main/INFO] [net.minecraftforge.registries.GameData/REGISTRIES]: 	minecraft:loot_function_type
[10Oct2026 19:33:25.533] [main/INFO] [net.minecraftforge.registries.GameData/REGISTRIES]: 	minecraft:loot_pool_entry_type
[10Oct2026 19:33:25.533] [main/INFO] [net.minecraftforge.registries.GameData/REGISTRIES]: 	minecraft:loot_condition_type
[10Oct2026 19:33:25.533] [main/INFO] [net.minecraftforge.registries.GameData/REGISTRIES]: 	minecraft:float_provider_type
[10Oct2026 19:33:25.533] [main/INFO] [net.minecraftforge.registries.GameData/REGISTRIES]: 	minecraft:int_provider_type
[10Oct2026 19:33:25.534] [main/INFO] [net.minecraftforge.registries.GameData/REGISTRIES]: 	minecraft:height_provider_type
[10Oct2026 19:33:25.534] [main/INFO] [net.minecraftforge.registries.GameData/REGISTRIES]: 	minecraft:block_predicate_type
[10Oct2026 19:33:25.534] [main/INFO] [net.minecraftforge.registries.GameData/REGISTRIES]: 	minecraft:worldgen/carver
[10Oct2026 19:33:25.534] [main/INFO] [net.minecraftforge.registries.GameData/REGISTRIES]: 	minecraft:worldgen/structure_processor
[10Oct2026 19:33:25.534] [main/INFO] [net.minecraftforge.registries.GameData/REGISTRIES]: 	minecraft:worldgen/feature
[10Oct2026 19:33:25.534] [main/INFO] [net.minecraftforge.registries.GameData/REGISTRIES]: 	minecraft:worldgen/structure_placement
[10Oct2026 19:33:25.534] [main/INFO] [net.minecraftforge.registries.GameData/REGISTRIES]: 	minecraft:worldgen/structure_piece
[10Oct2026 19:33:25.534] [main/INFO] [net.minecraftforge.registries.GameData/REGISTRIES]: 	minecraft:worldgen/structure_type
[10Oct2026 19:33:25.534] [main/INFO] [net.minecraftforge.registries.GameData/REGISTRIES]: 	minecraft:worldgen/placement_modifier_type
[10Oct2026 19:33:25.534] [main/INFO] [net.minecraftforge.registries.GameData/REGISTRIES]: 	minecraft:worldgen/block_state_provider_type
[10Oct2026 19:33:25.534] [main/INFO] [net.minecraftforge.registries.GameData/REGISTRIES]: 	minecraft:worldgen/foliage_placer_type
[10Oct2026 19:33:25.534] [main/INFO] [net.minecraftforge.registries.GameData/REGISTRIES]: 	minecraft:worldgen/trunk_placer_type
[10Oct2026 19:33:25.534] [main/INFO] [net.minecraftforge.registries.GameData/REGISTRIES]: 	minecraft:worldgen/root_placer_type
[10Oct2026 19:33:25.534] [main/INFO] [net.minecraftforge.registries.GameData/REGISTRIES]: 	minecraft:worldgen/tree_decorator_type
[10Oct2026 19:33:25.534] [main/INFO] [net.minecraftforge.registries.GameData/REGISTRIES]: 	minecraft:worldgen/feature_size_type
[10Oct2026 19:33:25.534] [main/INFO] [net.minecraftforge.registries.GameData/REGISTRIES]: 	minecraft:worldgen/biome_source
[10Oct2026 19:33:25.534] [main/INFO] [net.minecraftforge.registries.GameData/REGISTRIES]: 	minecraft:worldgen/chunk_generator
[10Oct2026 19:33:25.534] [main/INFO] [net.minecraftforge.registries.GameData/REGISTRIES]: 	minecraft:worldgen/material_condition
[10Oct2026 19:33:25.535] [main/INFO] [net.minecraftforge.registries.GameData/REGISTRIES]: 	minecraft:worldgen/material_rule
[10Oct2026 19:33:25.535] [main/INFO] [net.minecraftforge.registries.GameData/REGISTRIES]: 	minecraft:worldgen/density_function_type
[10Oct2026 19:33:25.535] [main/INFO] [net.minecraftforge.registries.GameData/REGISTRIES]: 	minecraft:block_type
[10Oct2026 19:33:25.535] [main/INFO] [net.minecraftforge.registries.GameData/REGISTRIES]: 	minecraft:worldgen/structure_pool_element
[10Oct2026 19:33:25.535] [main/INFO] [net.minecraftforge.registries.GameData/REGISTRIES]: 	minecraft:worldgen/pool_alias_binding
[10Oct2026 19:33:25.535] [main/INFO] [net.minecraftforge.registries.GameData/REGISTRIES]: 	minecraft:cat_variant
[10Oct2026 19:33:25.535] [main/INFO] [net.minecraftforge.registries.GameData/REGISTRIES]: 	minecraft:frog_variant
[10Oct2026 19:33:25.535] [main/INFO] [net.minecraftforge.registries.GameData/REGISTRIES]: 	minecraft:decorated_pot_pattern
[10Oct2026 19:33:25.535] [main/INFO] [net.minecraftforge.registries.GameData/REGISTRIES]: 	minecraft:creative_mode_tab
[10Oct2026 19:33:25.535] [main/INFO] [net.minecraftforge.registries.GameData/REGISTRIES]: 	minecraft:trigger_type
[10Oct2026 19:33:25.535] [main/INFO] [net.minecraftforge.registries.GameData/REGISTRIES]: 	minecraft:number_format_type
[10Oct2026 19:33:25.535] [main/INFO] [net.minecraftforge.registries.GameData/REGISTRIES]: 	minecraft:entity_sub_predicate_type
[10Oct2026 19:33:25.535] [main/INFO] [net.minecraftforge.registries.GameData/REGISTRIES]: 	minecraft:item_sub_predicate_type
[10Oct2026 19:33:25.535] [main/INFO] [net.minecraftforge.registries.GameData/REGISTRIES]: 	minecraft:enchantment_level_based_value_type
[10Oct2026 19:33:25.535] [main/INFO] [net.minecraftforge.registries.GameData/REGISTRIES]: 	minecraft:enchantment_entity_effect_type
[10Oct2026 19:33:25.535] [main/INFO] [net.minecraftforge.registries.GameData/REGISTRIES]: 	minecraft:enchantment_location_based_effect_type
[10Oct2026 19:33:25.535] [main/INFO] [net.minecraftforge.registries.GameData/REGISTRIES]: 	minecraft:enchantment_value_effect_type
[10Oct2026 19:33:25.535] [main/INFO] [net.minecraftforge.registries.GameData/REGISTRIES]: 	minecraft:enchantment_provider_type
[10Oct2026 19:33:25.535] [main/INFO] [net.minecraftforge.registries.GameData/REGISTRIES]: 	minecraft:consume_effect_type
[10Oct2026 19:33:25.535] [main/INFO] [net.minecraftforge.registries.GameData/REGISTRIES]: 	minecraft:recipe_display
[10Oct2026 19:33:25.535] [main/INFO] [net.minecraftforge.registries.GameData/REGISTRIES]: 	minecraft:slot_display
[10Oct2026 19:33:25.536] [main/INFO] [net.minecraftforge.registries.GameData/REGISTRIES]: 	minecraft:recipe_book_category
[10Oct2026 19:33:25.536] [main/DEBUG] [net.minecraftforge.registries.GameData/REGISTRIES]: Vanilla freeze snapshot created
[10Oct2026 19:33:25.537] [main/DEBUG] [net.minecraftforge.fml.ModWorkManager/LOADING]: Using 12 threads for parallel mod-loading
[10Oct2026 19:33:25.545] [main/DEBUG] [net.minecraftforge.fml.javafmlmod.FMLJavaModLanguageProvider/LOADING]: Loading FMLModContainer from classloader TransformingClassLoader[TRANSFORMER]@1846435308 - got SecureModuleClassLoader[LAYER PLUGIN]@909786389
[10Oct2026 19:33:25.547] [main/DEBUG] [net.minecraftforge.fml.javafmlmod.FMLModContainer/LOADING]: Creating FMLModContainer instance for net.dacommander31.doors_music_discs.RobloxDoorsMusicDiscs
[10Oct2026 19:33:25.548] [main/DEBUG] [net.minecraftforge.fml.javafmlmod.FMLModContainer/LOADING]: Loaded modclass doors_music_discs/net.dacommander31.doors_music_discs.RobloxDoorsMusicDiscs with TransformingClassLoader[TRANSFORMER]@1846435308
[10Oct2026 19:33:25.549] [main/DEBUG] [net.minecraftforge.fml.javafmlmod.FMLJavaModLanguageProvider/LOADING]: Loading FMLModContainer from classloader TransformingClassLoader[TRANSFORMER]@1846435308 - got SecureModuleClassLoader[LAYER PLUGIN]@909786389
[10Oct2026 19:33:25.549] [main/DEBUG] [net.minecraftforge.fml.javafmlmod.FMLModContainer/LOADING]: Creating FMLModContainer instance for net.minecraftforge.common.ForgeMod
[10Oct2026 19:33:25.550] [main/DEBUG] [net.minecraftforge.fml.javafmlmod.FMLModContainer/LOADING]: Loaded modclass net.minecraftforge.forge/net.minecraftforge.common.ForgeMod with TransformingClassLoader[TRANSFORMER]@1846435308
[10Oct2026 19:33:25.570] [modloading-worker-0/DEBUG] [net.minecraftforge.versions.forge.ForgeVersion/CORE]: Forge Version package package net.minecraftforge.versions.forge, Forge, version 0.0 from TransformingClassLoader[TRANSFORMER]@1846435308
[10Oct2026 19:33:25.570] [modloading-worker-0/DEBUG] [net.minecraftforge.versions.forge.ForgeVersion/CORE]: Found Forge version 53.1.0
[10Oct2026 19:33:25.570] [modloading-worker-0/DEBUG] [net.minecraftforge.versions.forge.ForgeVersion/CORE]: Found Forge spec 0.0
[10Oct2026 19:33:25.570] [modloading-worker-0/DEBUG] [net.minecraftforge.versions.forge.ForgeVersion/CORE]: Found Forge group net.minecraftforge
[10Oct2026 19:33:25.571] [modloading-worker-0/DEBUG] [net.minecraftforge.versions.mcp.MCPVersion/CORE]: MCP Version package package net.minecraftforge.versions.mcp, Minecraft, version 1.21.3 from TransformingClassLoader[TRANSFORMER]@1846435308
[10Oct2026 19:33:25.571] [modloading-worker-0/DEBUG] [net.minecraftforge.versions.mcp.MCPVersion/CORE]: Found MC version information 1.21.3
[10Oct2026 19:33:25.571] [modloading-worker-0/DEBUG] [net.minecraftforge.versions.mcp.MCPVersion/CORE]: Found MCP version information 20241025.112443
[10Oct2026 19:33:25.571] [modloading-worker-0/INFO] [net.minecraftforge.common.ForgeMod/FORGEMOD]: Forge mod loading, version 53.1.0, for MC 1.21.3 with MCP 20241025.112443
[10Oct2026 19:33:25.571] [modloading-worker-0/INFO] [net.minecraftforge.common.MinecraftForge/FORGE]: MinecraftForge v53.1.0 Initialized
[10Oct2026 19:33:25.574] [modloading-worker-0/DEBUG] [net.minecraftforge.fml.javafmlmod.AutomaticEventSubscriber/LOADING]: Attempting to inject @EventBusSubscriber classes into the eventbus for doors_music_discs
[10Oct2026 19:33:25.576] [modloading-worker-0/DEBUG] [net.minecraftforge.fml.javafmlmod.AutomaticEventSubscriber/LOADING]: Auto-subscribing net.dacommander31.doors_music_discs.datagen.DataGenerators to MOD
[10Oct2026 19:33:25.615] [modloading-worker-0/INFO] [net.minecraftforge.common.ForgeMod/FORGEMOD]: Opening jdk.naming.dns/com.sun.jndi.dns to java.naming
[10Oct2026 19:33:25.639] [modloading-worker-0/DEBUG] [io.netty.util.internal.PlatformDependent0/]: -Dio.netty.noUnsafe: false
[10Oct2026 19:33:25.639] [modloading-worker-0/DEBUG] [io.netty.util.internal.PlatformDependent0/]: Java version: 21
[10Oct2026 19:33:25.640] [modloading-worker-0/DEBUG] [io.netty.util.internal.PlatformDependent0/]: sun.misc.Unsafe.theUnsafe: available
[10Oct2026 19:33:25.640] [modloading-worker-0/DEBUG] [io.netty.util.internal.PlatformDependent0/]: sun.misc.Unsafe.copyMemory: available
[10Oct2026 19:33:25.640] [modloading-worker-0/DEBUG] [io.netty.util.internal.PlatformDependent0/]: sun.misc.Unsafe.storeFence: available
[10Oct2026 19:33:25.641] [modloading-worker-0/DEBUG] [io.netty.util.internal.PlatformDependent0/]: java.nio.Buffer.address: available
[10Oct2026 19:33:25.641] [modloading-worker-0/DEBUG] [io.netty.util.internal.PlatformDependent0/]: direct buffer constructor: unavailable
java.lang.UnsupportedOperationException: Reflective setAccessible(true) disabled
	at SECURE-BOOTSTRAP/io.netty.common@4.1.97.Final/io.netty.util.internal.ReflectionUtil.trySetAccessible(ReflectionUtil.java:31) ~[netty-common-4.1.97.Final.jar:4.1.97.Final]
	at SECURE-BOOTSTRAP/io.netty.common@4.1.97.Final/io.netty.util.internal.PlatformDependent0$5.run(PlatformDependent0.java:289) ~[netty-common-4.1.97.Final.jar:4.1.97.Final]
	at java.base/java.security.AccessController.doPrivileged(AccessController.java:319) ~[?:?]
	at SECURE-BOOTSTRAP/io.netty.common@4.1.97.Final/io.netty.util.internal.PlatformDependent0.<clinit>(PlatformDependent0.java:282) ~[netty-common-4.1.97.Final.jar:4.1.97.Final]
	at SECURE-BOOTSTRAP/io.netty.common@4.1.97.Final/io.netty.util.internal.PlatformDependent.isAndroid(PlatformDependent.java:333) ~[netty-common-4.1.97.Final.jar:4.1.97.Final]
	at SECURE-BOOTSTRAP/io.netty.common@4.1.97.Final/io.netty.util.internal.PlatformDependent.<clinit>(PlatformDependent.java:88) ~[netty-common-4.1.97.Final.jar:4.1.97.Final]
	at SECURE-BOOTSTRAP/io.netty.common@4.1.97.Final/io.netty.util.ConstantPool.<init>(ConstantPool.java:34) ~[netty-common-4.1.97.Final.jar:4.1.97.Final]
	at SECURE-BOOTSTRAP/io.netty.common@4.1.97.Final/io.netty.util.AttributeKey$1.<init>(AttributeKey.java:27) ~[netty-common-4.1.97.Final.jar:4.1.97.Final]
	at SECURE-BOOTSTRAP/io.netty.common@4.1.97.Final/io.netty.util.AttributeKey.<clinit>(AttributeKey.java:27) ~[netty-common-4.1.97.Final.jar:4.1.97.Final]
	at TRANSFORMER/net.minecraftforge.forge@53.1.0/net.minecraftforge.network.NetworkInitialization.<clinit>(NetworkInitialization.java:27) ~[forge-1.21.3-53.1.0_mapped_parchment_2024.12.07-1.21.3-recomp.jar:?]
	at TRANSFORMER/net.minecraftforge.forge@53.1.0/net.minecraftforge.common.ForgeMod.<init>(ForgeMod.java:379) ~[forge-1.21.3-53.1.0_mapped_parchment_2024.12.07-1.21.3-recomp.jar:?]
	at java.base/jdk.internal.reflect.DirectConstructorHandleAccessor.newInstance(DirectConstructorHandleAccessor.java:62) ~[?:?]
	at java.base/java.lang.reflect.Constructor.newInstanceWithCaller(Constructor.java:502) ~[?:?]
	at java.base/java.lang.reflect.Constructor.newInstance(Constructor.java:486) ~[?:?]
	at LAYER PLUGIN/net.minecraftforge.javafmlmod@1.21.3-53.1.0/net.minecraftforge.fml.javafmlmod.FMLModContainer.constructMod(FMLModContainer.java:144) ~[javafmllanguage-1.21.3-53.1.0.jar!/:53.1.0]
	at LAYER PLUGIN/net.minecraftforge.fmlcore@1.21.3-53.1.0/net.minecraftforge.fml.ModStateTransitionHelper.lambda$addCompletableFutureTaskForModDispatch$5(ModStateTransitionHelper.java:117) ~[fmlcore-1.21.3-53.1.0.jar!/:1.0]
	at java.base/java.util.concurrent.CompletableFuture$UniRun.tryFire(CompletableFuture.java:787) [?:?]
	at java.base/java.util.concurrent.CompletableFuture$Completion.exec(CompletableFuture.java:483) [?:?]
	at java.base/java.util.concurrent.ForkJoinTask.doExec(ForkJoinTask.java:387) [?:?]
	at java.base/java.util.concurrent.ForkJoinPool$WorkQueue.topLevelExec(ForkJoinPool.java:1312) [?:?]
	at java.base/java.util.concurrent.ForkJoinPool.scan(ForkJoinPool.java:1843) [?:?]
	at java.base/java.util.concurrent.ForkJoinPool.runWorker(ForkJoinPool.java:1808) [?:?]
	at java.base/java.util.concurrent.ForkJoinWorkerThread.run(ForkJoinWorkerThread.java:188) [?:?]
[10Oct2026 19:33:25.651] [modloading-worker-0/DEBUG] [io.netty.util.internal.PlatformDependent0/]: java.nio.Bits.unaligned: available, true
[10Oct2026 19:33:25.652] [modloading-worker-0/DEBUG] [io.netty.util.internal.PlatformDependent0/]: jdk.internal.misc.Unsafe.allocateUninitializedArray(int): unavailable
java.lang.IllegalAccessException: class io.netty.util.internal.PlatformDependent0$7 (in module io.netty.common) cannot access class jdk.internal.misc.Unsafe (in module java.base) because module java.base does not export jdk.internal.misc to module io.netty.common
	at java.base/jdk.internal.reflect.Reflection.newIllegalAccessException(Reflection.java:394) ~[?:?]
	at java.base/java.lang.reflect.AccessibleObject.checkAccess(AccessibleObject.java:714) ~[?:?]
	at java.base/java.lang.reflect.Method.invoke(Method.java:571) ~[?:?]
	at SECURE-BOOTSTRAP/io.netty.common@4.1.97.Final/io.netty.util.internal.PlatformDependent0$7.run(PlatformDependent0.java:411) ~[netty-common-4.1.97.Final.jar:4.1.97.Final]
	at java.base/java.security.AccessController.doPrivileged(AccessController.java:319) ~[?:?]
	at SECURE-BOOTSTRAP/io.netty.common@4.1.97.Final/io.netty.util.internal.PlatformDependent0.<clinit>(PlatformDependent0.java:402) ~[netty-common-4.1.97.Final.jar:4.1.97.Final]
	at SECURE-BOOTSTRAP/io.netty.common@4.1.97.Final/io.netty.util.internal.PlatformDependent.isAndroid(PlatformDependent.java:333) ~[netty-common-4.1.97.Final.jar:4.1.97.Final]
	at SECURE-BOOTSTRAP/io.netty.common@4.1.97.Final/io.netty.util.internal.PlatformDependent.<clinit>(PlatformDependent.java:88) ~[netty-common-4.1.97.Final.jar:4.1.97.Final]
	at SECURE-BOOTSTRAP/io.netty.common@4.1.97.Final/io.netty.util.ConstantPool.<init>(ConstantPool.java:34) ~[netty-common-4.1.97.Final.jar:4.1.97.Final]
	at SECURE-BOOTSTRAP/io.netty.common@4.1.97.Final/io.netty.util.AttributeKey$1.<init>(AttributeKey.java:27) ~[netty-common-4.1.97.Final.jar:4.1.97.Final]
	at SECURE-BOOTSTRAP/io.netty.common@4.1.97.Final/io.netty.util.AttributeKey.<clinit>(AttributeKey.java:27) ~[netty-common-4.1.97.Final.jar:4.1.97.Final]
	at TRANSFORMER/net.minecraftforge.forge@53.1.0/net.minecraftforge.network.NetworkInitialization.<clinit>(NetworkInitialization.java:27) ~[forge-1.21.3-53.1.0_mapped_parchment_2024.12.07-1.21.3-recomp.jar:?]
	at TRANSFORMER/net.minecraftforge.forge@53.1.0/net.minecraftforge.common.ForgeMod.<init>(ForgeMod.java:379) ~[forge-1.21.3-53.1.0_mapped_parchment_2024.12.07-1.21.3-recomp.jar:?]
	at java.base/jdk.internal.reflect.DirectConstructorHandleAccessor.newInstance(DirectConstructorHandleAccessor.java:62) ~[?:?]
	at java.base/java.lang.reflect.Constructor.newInstanceWithCaller(Constructor.java:502) ~[?:?]
	at java.base/java.lang.reflect.Constructor.newInstance(Constructor.java:486) ~[?:?]
	at LAYER PLUGIN/net.minecraftforge.javafmlmod@1.21.3-53.1.0/net.minecraftforge.fml.javafmlmod.FMLModContainer.constructMod(FMLModContainer.java:144) ~[javafmllanguage-1.21.3-53.1.0.jar!/:53.1.0]
	at LAYER PLUGIN/net.minecraftforge.fmlcore@1.21.3-53.1.0/net.minecraftforge.fml.ModStateTransitionHelper.lambda$addCompletableFutureTaskForModDispatch$5(ModStateTransitionHelper.java:117) ~[fmlcore-1.21.3-53.1.0.jar!/:1.0]
	at java.base/java.util.concurrent.CompletableFuture$UniRun.tryFire(CompletableFuture.java:787) [?:?]
	at java.base/java.util.concurrent.CompletableFuture$Completion.exec(CompletableFuture.java:483) [?:?]
	at java.base/java.util.concurrent.ForkJoinTask.doExec(ForkJoinTask.java:387) [?:?]
	at java.base/java.util.concurrent.ForkJoinPool$WorkQueue.topLevelExec(ForkJoinPool.java:1312) [?:?]
	at java.base/java.util.concurrent.ForkJoinPool.scan(ForkJoinPool.java:1843) [?:?]
	at java.base/java.util.concurrent.ForkJoinPool.runWorker(ForkJoinPool.java:1808) [?:?]
	at java.base/java.util.concurrent.ForkJoinWorkerThread.run(ForkJoinWorkerThread.java:188) [?:?]
[10Oct2026 19:33:25.658] [modloading-worker-0/DEBUG] [io.netty.util.internal.PlatformDependent0/]: java.nio.DirectByteBuffer.<init>(long, {int,long}): unavailable
[10Oct2026 19:33:25.659] [modloading-worker-0/DEBUG] [io.netty.util.internal.PlatformDependent/]: sun.misc.Unsafe: available
[10Oct2026 19:33:25.659] [modloading-worker-0/DEBUG] [io.netty.util.internal.PlatformDependent/]: maxDirectMemory: 4246732800 bytes (maybe)
[10Oct2026 19:33:25.660] [modloading-worker-0/DEBUG] [io.netty.util.internal.PlatformDependent/]: -Dio.netty.tmpdir: C:\Users\User\AppData\Local\Temp (java.io.tmpdir)
[10Oct2026 19:33:25.660] [modloading-worker-0/DEBUG] [io.netty.util.internal.PlatformDependent/]: -Dio.netty.bitMode: 64 (sun.arch.data.model)
[10Oct2026 19:33:25.660] [modloading-worker-0/DEBUG] [io.netty.util.internal.PlatformDependent/]: Platform: Windows
[10Oct2026 19:33:25.661] [modloading-worker-0/DEBUG] [io.netty.util.internal.PlatformDependent/]: -Dio.netty.maxDirectMemory: -1 bytes
[10Oct2026 19:33:25.661] [modloading-worker-0/DEBUG] [io.netty.util.internal.PlatformDependent/]: -Dio.netty.uninitializedArrayAllocationThreshold: -1
[10Oct2026 19:33:25.663] [modloading-worker-0/DEBUG] [io.netty.util.internal.CleanerJava9/]: java.nio.ByteBuffer.cleaner(): available
[10Oct2026 19:33:25.663] [modloading-worker-0/DEBUG] [io.netty.util.internal.PlatformDependent/]: -Dio.netty.noPreferDirect: false
[10Oct2026 19:33:25.688] [modloading-worker-0/DEBUG] [net.minecraftforge.network.NetworkInitialization/FORGE_NETWORK]: Registering Network forge:login v0
[10Oct2026 19:33:25.689] [modloading-worker-0/DEBUG] [net.minecraftforge.network.NetworkInitialization/FORGE_NETWORK]: Registering Network forge:handshake v0
[10Oct2026 19:33:25.689] [modloading-worker-0/DEBUG] [net.minecraftforge.network.NetworkInitialization/FORGE_NETWORK]: Registering Network forge:handshake v0
[10Oct2026 19:33:25.689] [modloading-worker-0/DEBUG] [net.minecraftforge.network.NetworkInitialization/FORGE_NETWORK]: Registering Network forge:channel_registration v0
[10Oct2026 19:33:25.703] [modloading-worker-0/DEBUG] [net.minecraftforge.fml.config.ConfigTracker/CONFIG]: Config file forge-client.toml for forge tracking
[10Oct2026 19:33:25.703] [modloading-worker-0/DEBUG] [net.minecraftforge.fml.config.ConfigTracker/CONFIG]: Config file forge-server.toml for forge tracking
[10Oct2026 19:33:25.703] [modloading-worker-0/DEBUG] [net.minecraftforge.fml.config.ConfigTracker/CONFIG]: Config file forge-common.toml for forge tracking
[10Oct2026 19:33:25.718] [modloading-worker-0/DEBUG] [net.minecraftforge.fml.javafmlmod.AutomaticEventSubscriber/LOADING]: Attempting to inject @EventBusSubscriber classes into the eventbus for forge
[10Oct2026 19:33:25.718] [modloading-worker-0/DEBUG] [net.minecraftforge.fml.javafmlmod.AutomaticEventSubscriber/LOADING]: Auto-subscribing net.minecraftforge.common.ForgeSpawnEggItem$CommonHandler to MOD
[10Oct2026 19:33:25.720] [modloading-worker-0/DEBUG] [net.minecraftforge.fml.javafmlmod.AutomaticEventSubscriber/LOADING]: Auto-subscribing net.minecraftforge.common.ForgeSpawnEggItem$ColorRegisterHandler to MOD
[10Oct2026 19:33:25.723] [modloading-worker-0/DEBUG] [net.minecraftforge.fml.javafmlmod.AutomaticEventSubscriber/LOADING]: Auto-subscribing net.minecraftforge.client.model.data.ModelDataManager to FORGE
[10Oct2026 19:33:25.725] [modloading-worker-0/DEBUG] [net.minecraftforge.fml.javafmlmod.AutomaticEventSubscriber/LOADING]: Auto-subscribing net.minecraftforge.client.ClientForgeMod to MOD
[10Oct2026 19:33:25.736] [main/DEBUG] [net.minecraftforge.registries.ObjectHolderRegistry/REGISTRIES]: Processing ObjectHolder annotations
[10Oct2026 19:33:25.739] [main/DEBUG] [net.minecraftforge.common.capabilities.CapabilityManager/CAPABILITIES]: Attempting to automatically register: Lnet/minecraftforge/energy/IEnergyStorage;
[10Oct2026 19:33:25.741] [main/DEBUG] [net.minecraftforge.common.capabilities.CapabilityManager/CAPABILITIES]: Attempting to automatically register: Lnet/minecraftforge/fluids/capability/IFluidHandler;
[10Oct2026 19:33:25.741] [main/DEBUG] [net.minecraftforge.common.capabilities.CapabilityManager/CAPABILITIES]: Attempting to automatically register: Lnet/minecraftforge/fluids/capability/IFluidHandlerItem;
[10Oct2026 19:33:25.741] [main/DEBUG] [net.minecraftforge.common.capabilities.CapabilityManager/CAPABILITIES]: Attempting to automatically register: Lnet/minecraftforge/items/IItemHandler;
[10Oct2026 19:33:25.741] [main/DEBUG] [net.minecraftforge.registries.GameData/REGISTRIES]: Unfreezing vanilla registries
[10Oct2026 19:33:25.743] [main/DEBUG] [net.minecraftforge.registries.GameData/REGISTRIES]: Applying holder lookups: minecraft:sound_event
[10Oct2026 19:33:25.744] [main/DEBUG] [net.minecraftforge.registries.GameData/REGISTRIES]: Holder lookups applied: minecraft:sound_event
[10Oct2026 19:33:25.744] [main/DEBUG] [net.minecraftforge.registries.GameData/REGISTRIES]: Applying holder lookups: minecraft:fluid
[10Oct2026 19:33:25.744] [main/DEBUG] [net.minecraftforge.registries.GameData/REGISTRIES]: Holder lookups applied: minecraft:fluid
[10Oct2026 19:33:25.745] [main/DEBUG] [net.minecraftforge.registries.GameData/REGISTRIES]: Applying holder lookups: minecraft:attribute
[10Oct2026 19:33:25.745] [main/DEBUG] [net.minecraftforge.registries.GameData/REGISTRIES]: Holder lookups applied: minecraft:attribute
[10Oct2026 19:33:25.745] [main/DEBUG] [net.minecraftforge.registries.GameData/REGISTRIES]: Applying holder lookups: minecraft:particle_type
[10Oct2026 19:33:25.745] [main/DEBUG] [net.minecraftforge.registries.GameData/REGISTRIES]: Holder lookups applied: minecraft:particle_type
[10Oct2026 19:33:25.745] [main/DEBUG] [net.minecraftforge.registries.GameData/REGISTRIES]: Applying holder lookups: minecraft:mob_effect
[10Oct2026 19:33:25.745] [main/DEBUG] [net.minecraftforge.registries.GameData/REGISTRIES]: Holder lookups applied: minecraft:mob_effect
[10Oct2026 19:33:25.745] [main/DEBUG] [net.minecraftforge.registries.GameData/REGISTRIES]: Applying holder lookups: minecraft:block
[10Oct2026 19:33:25.745] [main/DEBUG] [net.minecraftforge.registries.GameData/REGISTRIES]: Holder lookups applied: minecraft:block
[10Oct2026 19:33:25.745] [main/DEBUG] [net.minecraftforge.registries.GameData/REGISTRIES]: Applying holder lookups: minecraft:enchantment_effect_component_type
[10Oct2026 19:33:25.745] [main/DEBUG] [net.minecraftforge.registries.GameData/REGISTRIES]: Holder lookups applied: minecraft:enchantment_effect_component_type
[10Oct2026 19:33:25.745] [main/DEBUG] [net.minecraftforge.registries.GameData/REGISTRIES]: Applying holder lookups: minecraft:data_component_type
[10Oct2026 19:33:25.745] [main/DEBUG] [net.minecraftforge.registries.GameData/REGISTRIES]: Holder lookups applied: minecraft:data_component_type
[10Oct2026 19:33:25.746] [main/DEBUG] [net.minecraftforge.registries.GameData/REGISTRIES]: Applying holder lookups: minecraft:entity_type
[10Oct2026 19:33:25.746] [main/DEBUG] [net.minecraftforge.registries.GameData/REGISTRIES]: Holder lookups applied: minecraft:entity_type
[10Oct2026 19:33:25.746] [main/DEBUG] [net.minecraftforge.registries.GameData/REGISTRIES]: Applying holder lookups: minecraft:item
[10Oct2026 19:33:25.746] [main/DEBUG] [net.minecraftforge.registries.GameData/REGISTRIES]: Holder lookups applied: minecraft:item
[10Oct2026 19:33:25.747] [main/DEBUG] [net.minecraftforge.registries.GameData/REGISTRIES]: Applying holder lookups: minecraft:game_event
[10Oct2026 19:33:25.747] [main/DEBUG] [net.minecraftforge.registries.GameData/REGISTRIES]: Holder lookups applied: minecraft:game_event
[10Oct2026 19:33:25.747] [main/DEBUG] [net.minecraftforge.registries.GameData/REGISTRIES]: Applying holder lookups: minecraft:potion
[10Oct2026 19:33:25.747] [main/DEBUG] [net.minecraftforge.registries.GameData/REGISTRIES]: Holder lookups applied: minecraft:potion
[10Oct2026 19:33:25.747] [main/DEBUG] [net.minecraftforge.registries.GameData/REGISTRIES]: Applying holder lookups: minecraft:block_entity_type
[10Oct2026 19:33:25.747] [main/DEBUG] [net.minecraftforge.registries.GameData/REGISTRIES]: Holder lookups applied: minecraft:block_entity_type
[10Oct2026 19:33:25.747] [main/DEBUG] [net.minecraftforge.registries.GameData/REGISTRIES]: Applying holder lookups: minecraft:stat_type
[10Oct2026 19:33:25.747] [main/DEBUG] [net.minecraftforge.registries.GameData/REGISTRIES]: Holder lookups applied: minecraft:stat_type
[10Oct2026 19:33:25.747] [main/DEBUG] [net.minecraftforge.registries.GameData/REGISTRIES]: Applying holder lookups: minecraft:custom_stat
[10Oct2026 19:33:25.747] [main/DEBUG] [net.minecraftforge.registries.GameData/REGISTRIES]: Holder lookups applied: minecraft:custom_stat
[10Oct2026 19:33:25.747] [main/DEBUG] [net.minecraftforge.registries.GameData/REGISTRIES]: Applying holder lookups: minecraft:chunk_status
[10Oct2026 19:33:25.747] [main/DEBUG] [net.minecraftforge.registries.GameData/REGISTRIES]: Holder lookups applied: minecraft:chunk_status
[10Oct2026 19:33:25.747] [main/DEBUG] [net.minecraftforge.registries.GameData/REGISTRIES]: Applying holder lookups: minecraft:rule_test
[10Oct2026 19:33:25.747] [main/DEBUG] [net.minecraftforge.registries.GameData/REGISTRIES]: Holder lookups applied: minecraft:rule_test
[10Oct2026 19:33:25.748] [main/DEBUG] [net.minecraftforge.registries.GameData/REGISTRIES]: Applying holder lookups: minecraft:rule_block_entity_modifier
[10Oct2026 19:33:25.748] [main/DEBUG] [net.minecraftforge.registries.GameData/REGISTRIES]: Holder lookups applied: minecraft:rule_block_entity_modifier
[10Oct2026 19:33:25.748] [main/DEBUG] [net.minecraftforge.registries.GameData/REGISTRIES]: Applying holder lookups: minecraft:pos_rule_test
[10Oct2026 19:33:25.748] [main/DEBUG] [net.minecraftforge.registries.GameData/REGISTRIES]: Holder lookups applied: minecraft:pos_rule_test
[10Oct2026 19:33:25.748] [main/DEBUG] [net.minecraftforge.registries.GameData/REGISTRIES]: Applying holder lookups: minecraft:menu
[10Oct2026 19:33:25.748] [main/DEBUG] [net.minecraftforge.registries.GameData/REGISTRIES]: Holder lookups applied: minecraft:menu
[10Oct2026 19:33:25.748] [main/DEBUG] [net.minecraftforge.registries.GameData/REGISTRIES]: Applying holder lookups: minecraft:recipe_type
[10Oct2026 19:33:25.748] [main/DEBUG] [net.minecraftforge.registries.GameData/REGISTRIES]: Holder lookups applied: minecraft:recipe_type
[10Oct2026 19:33:25.750] [main/DEBUG] [net.minecraftforge.registries.GameData/REGISTRIES]: Applying holder lookups: minecraft:recipe_serializer
[10Oct2026 19:33:25.750] [main/DEBUG] [net.minecraftforge.registries.GameData/REGISTRIES]: Holder lookups applied: minecraft:recipe_serializer
[10Oct2026 19:33:25.750] [main/DEBUG] [net.minecraftforge.registries.GameData/REGISTRIES]: Applying holder lookups: minecraft:position_source_type
[10Oct2026 19:33:25.751] [main/DEBUG] [net.minecraftforge.registries.GameData/REGISTRIES]: Holder lookups applied: minecraft:position_source_type
[10Oct2026 19:33:25.752] [main/DEBUG] [net.minecraftforge.registries.GameData/REGISTRIES]: Applying holder lookups: minecraft:command_argument_type
[10Oct2026 19:33:25.752] [main/DEBUG] [net.minecraftforge.registries.GameData/REGISTRIES]: Holder lookups applied: minecraft:command_argument_type
[10Oct2026 19:33:25.752] [main/DEBUG] [net.minecraftforge.registries.GameData/REGISTRIES]: Applying holder lookups: minecraft:villager_type
[10Oct2026 19:33:25.752] [main/DEBUG] [net.minecraftforge.registries.GameData/REGISTRIES]: Holder lookups applied: minecraft:villager_type
[10Oct2026 19:33:25.752] [main/DEBUG] [net.minecraftforge.registries.GameData/REGISTRIES]: Applying holder lookups: minecraft:villager_profession
[10Oct2026 19:33:25.752] [main/DEBUG] [net.minecraftforge.registries.GameData/REGISTRIES]: Holder lookups applied: minecraft:villager_profession
[10Oct2026 19:33:25.752] [main/DEBUG] [net.minecraftforge.registries.GameData/REGISTRIES]: Applying holder lookups: minecraft:point_of_interest_type
[10Oct2026 19:33:25.752] [main/DEBUG] [net.minecraftforge.registries.GameData/REGISTRIES]: Holder lookups applied: minecraft:point_of_interest_type
[10Oct2026 19:33:25.752] [main/DEBUG] [net.minecraftforge.registries.GameData/REGISTRIES]: Applying holder lookups: minecraft:memory_module_type
[10Oct2026 19:33:25.752] [main/DEBUG] [net.minecraftforge.registries.GameData/REGISTRIES]: Holder lookups applied: minecraft:memory_module_type
[10Oct2026 19:33:25.752] [main/DEBUG] [net.minecraftforge.registries.GameData/REGISTRIES]: Applying holder lookups: minecraft:sensor_type
[10Oct2026 19:33:25.752] [main/DEBUG] [net.minecraftforge.registries.GameData/REGISTRIES]: Holder lookups applied: minecraft:sensor_type
[10Oct2026 19:33:25.752] [main/DEBUG] [net.minecraftforge.registries.GameData/REGISTRIES]: Applying holder lookups: minecraft:activity
[10Oct2026 19:33:25.752] [main/DEBUG] [net.minecraftforge.registries.GameData/REGISTRIES]: Holder lookups applied: minecraft:activity
[10Oct2026 19:33:25.752] [main/DEBUG] [net.minecraftforge.registries.GameData/REGISTRIES]: Applying holder lookups: minecraft:schedule
[10Oct2026 19:33:25.752] [main/DEBUG] [net.minecraftforge.registries.GameData/REGISTRIES]: Holder lookups applied: minecraft:schedule
[10Oct2026 19:33:25.752] [main/DEBUG] [net.minecraftforge.registries.GameData/REGISTRIES]: Applying holder lookups: minecraft:loot_score_provider_type
[10Oct2026 19:33:25.753] [main/DEBUG] [net.minecraftforge.registries.GameData/REGISTRIES]: Holder lookups applied: minecraft:loot_score_provider_type
[10Oct2026 19:33:25.753] [main/DEBUG] [net.minecraftforge.registries.GameData/REGISTRIES]: Applying holder lookups: minecraft:loot_number_provider_type
[10Oct2026 19:33:25.753] [main/DEBUG] [net.minecraftforge.registries.GameData/REGISTRIES]: Holder lookups applied: minecraft:loot_number_provider_type
[10Oct2026 19:33:25.753] [main/DEBUG] [net.minecraftforge.registries.GameData/REGISTRIES]: Applying holder lookups: minecraft:map_decoration_type
[10Oct2026 19:33:25.753] [main/DEBUG] [net.minecraftforge.registries.GameData/REGISTRIES]: Holder lookups applied: minecraft:map_decoration_type
[10Oct2026 19:33:25.753] [main/DEBUG] [net.minecraftforge.registries.GameData/REGISTRIES]: Applying holder lookups: minecraft:loot_nbt_provider_type
[10Oct2026 19:33:25.753] [main/DEBUG] [net.minecraftforge.registries.GameData/REGISTRIES]: Holder lookups applied: minecraft:loot_nbt_provider_type
[10Oct2026 19:33:25.753] [main/DEBUG] [net.minecraftforge.registries.GameData/REGISTRIES]: Applying holder lookups: minecraft:loot_function_type
[10Oct2026 19:33:25.753] [main/DEBUG] [net.minecraftforge.registries.GameData/REGISTRIES]: Holder lookups applied: minecraft:loot_function_type
[10Oct2026 19:33:25.753] [main/DEBUG] [net.minecraftforge.registries.GameData/REGISTRIES]: Applying holder lookups: minecraft:loot_pool_entry_type
[10Oct2026 19:33:25.753] [main/DEBUG] [net.minecraftforge.registries.GameData/REGISTRIES]: Holder lookups applied: minecraft:loot_pool_entry_type
[10Oct2026 19:33:25.755] [main/DEBUG] [net.minecraftforge.registries.GameData/REGISTRIES]: Applying holder lookups: minecraft:loot_condition_type
[10Oct2026 19:33:25.755] [main/DEBUG] [net.minecraftforge.registries.GameData/REGISTRIES]: Holder lookups applied: minecraft:loot_condition_type
[10Oct2026 19:33:25.756] [main/DEBUG] [net.minecraftforge.registries.GameData/REGISTRIES]: Applying holder lookups: minecraft:float_provider_type
[10Oct2026 19:33:25.756] [main/DEBUG] [net.minecraftforge.registries.GameData/REGISTRIES]: Holder lookups applied: minecraft:float_provider_type
[10Oct2026 19:33:25.756] [main/DEBUG] [net.minecraftforge.registries.GameData/REGISTRIES]: Applying holder lookups: minecraft:int_provider_type
[10Oct2026 19:33:25.756] [main/DEBUG] [net.minecraftforge.registries.GameData/REGISTRIES]: Holder lookups applied: minecraft:int_provider_type
[10Oct2026 19:33:25.756] [main/DEBUG] [net.minecraftforge.registries.GameData/REGISTRIES]: Applying holder lookups: minecraft:height_provider_type
[10Oct2026 19:33:25.756] [main/DEBUG] [net.minecraftforge.registries.GameData/REGISTRIES]: Holder lookups applied: minecraft:height_provider_type
[10Oct2026 19:33:25.756] [main/DEBUG] [net.minecraftforge.registries.GameData/REGISTRIES]: Applying holder lookups: minecraft:block_predicate_type
[10Oct2026 19:33:25.756] [main/DEBUG] [net.minecraftforge.registries.GameData/REGISTRIES]: Holder lookups applied: minecraft:block_predicate_type
[10Oct2026 19:33:25.756] [main/DEBUG] [net.minecraftforge.registries.GameData/REGISTRIES]: Applying holder lookups: minecraft:worldgen/carver
[10Oct2026 19:33:25.756] [main/DEBUG] [net.minecraftforge.registries.GameData/REGISTRIES]: Holder lookups applied: minecraft:worldgen/carver
[10Oct2026 19:33:25.756] [main/DEBUG] [net.minecraftforge.registries.GameData/REGISTRIES]: Applying holder lookups: minecraft:worldgen/structure_processor
[10Oct2026 19:33:25.756] [main/DEBUG] [net.minecraftforge.registries.GameData/REGISTRIES]: Holder lookups applied: minecraft:worldgen/structure_processor
[10Oct2026 19:33:25.756] [main/DEBUG] [net.minecraftforge.registries.GameData/REGISTRIES]: Applying holder lookups: minecraft:worldgen/feature
[10Oct2026 19:33:25.756] [main/DEBUG] [net.minecraftforge.registries.GameData/REGISTRIES]: Holder lookups applied: minecraft:worldgen/feature
[10Oct2026 19:33:25.756] [main/DEBUG] [net.minecraftforge.registries.GameData/REGISTRIES]: Applying holder lookups: minecraft:worldgen/structure_placement
[10Oct2026 19:33:25.756] [main/DEBUG] [net.minecraftforge.registries.GameData/REGISTRIES]: Holder lookups applied: minecraft:worldgen/structure_placement
[10Oct2026 19:33:25.756] [main/DEBUG] [net.minecraftforge.registries.GameData/REGISTRIES]: Applying holder lookups: minecraft:worldgen/structure_piece
[10Oct2026 19:33:25.756] [main/DEBUG] [net.minecraftforge.registries.GameData/REGISTRIES]: Holder lookups applied: minecraft:worldgen/structure_piece
[10Oct2026 19:33:25.756] [main/DEBUG] [net.minecraftforge.registries.GameData/REGISTRIES]: Applying holder lookups: minecraft:worldgen/structure_type
[10Oct2026 19:33:25.756] [main/DEBUG] [net.minecraftforge.registries.GameData/REGISTRIES]: Holder lookups applied: minecraft:worldgen/structure_type
[10Oct2026 19:33:25.756] [main/DEBUG] [net.minecraftforge.registries.GameData/REGISTRIES]: Applying holder lookups: minecraft:worldgen/placement_modifier_type
[10Oct2026 19:33:25.757] [main/DEBUG] [net.minecraftforge.registries.GameData/REGISTRIES]: Holder lookups applied: minecraft:worldgen/placement_modifier_type
[10Oct2026 19:33:25.757] [main/DEBUG] [net.minecraftforge.registries.GameData/REGISTRIES]: Applying holder lookups: minecraft:worldgen/block_state_provider_type
[10Oct2026 19:33:25.757] [main/DEBUG] [net.minecraftforge.registries.GameData/REGISTRIES]: Holder lookups applied: minecraft:worldgen/block_state_provider_type
[10Oct2026 19:33:25.757] [main/DEBUG] [net.minecraftforge.registries.GameData/REGISTRIES]: Applying holder lookups: minecraft:worldgen/foliage_placer_type
[10Oct2026 19:33:25.757] [main/DEBUG] [net.minecraftforge.registries.GameData/REGISTRIES]: Holder lookups applied: minecraft:worldgen/foliage_placer_type
[10Oct2026 19:33:25.757] [main/DEBUG] [net.minecraftforge.registries.GameData/REGISTRIES]: Applying holder lookups: minecraft:worldgen/trunk_placer_type
[10Oct2026 19:33:25.757] [main/DEBUG] [net.minecraftforge.registries.GameData/REGISTRIES]: Holder lookups applied: minecraft:worldgen/trunk_placer_type
[10Oct2026 19:33:25.757] [main/DEBUG] [net.minecraftforge.registries.GameData/REGISTRIES]: Applying holder lookups: minecraft:worldgen/root_placer_type
[10Oct2026 19:33:25.757] [main/DEBUG] [net.minecraftforge.registries.GameData/REGISTRIES]: Holder lookups applied: minecraft:worldgen/root_placer_type
[10Oct2026 19:33:25.757] [main/DEBUG] [net.minecraftforge.registries.GameData/REGISTRIES]: Applying holder lookups: minecraft:worldgen/tree_decorator_type
[10Oct2026 19:33:25.757] [main/DEBUG] [net.minecraftforge.registries.GameData/REGISTRIES]: Holder lookups applied: minecraft:worldgen/tree_decorator_type
[10Oct2026 19:33:25.757] [main/DEBUG] [net.minecraftforge.registries.GameData/REGISTRIES]: Applying holder lookups: minecraft:worldgen/feature_size_type
[10Oct2026 19:33:25.757] [main/DEBUG] [net.minecraftforge.registries.GameData/REGISTRIES]: Holder lookups applied: minecraft:worldgen/feature_size_type
[10Oct2026 19:33:25.757] [main/DEBUG] [net.minecraftforge.registries.GameData/REGISTRIES]: Applying holder lookups: minecraft:worldgen/biome_source
[10Oct2026 19:33:25.757] [main/DEBUG] [net.minecraftforge.registries.GameData/REGISTRIES]: Holder lookups applied: minecraft:worldgen/biome_source
[10Oct2026 19:33:25.757] [main/DEBUG] [net.minecraftforge.registries.GameData/REGISTRIES]: Applying holder lookups: minecraft:worldgen/chunk_generator
[10Oct2026 19:33:25.757] [main/DEBUG] [net.minecraftforge.registries.GameData/REGISTRIES]: Holder lookups applied: minecraft:worldgen/chunk_generator
[10Oct2026 19:33:25.757] [main/DEBUG] [net.minecraftforge.registries.GameData/REGISTRIES]: Applying holder lookups: minecraft:worldgen/material_condition
[10Oct2026 19:33:25.758] [main/DEBUG] [net.minecraftforge.registries.GameData/REGISTRIES]: Holder lookups applied: minecraft:worldgen/material_condition
[10Oct2026 19:33:25.758] [main/DEBUG] [net.minecraftforge.registries.GameData/REGISTRIES]: Applying holder lookups: minecraft:worldgen/material_rule
[10Oct2026 19:33:25.758] [main/DEBUG] [net.minecraftforge.registries.GameData/REGISTRIES]: Holder lookups applied: minecraft:worldgen/material_rule
[10Oct2026 19:33:25.758] [main/DEBUG] [net.minecraftforge.registries.GameData/REGISTRIES]: Applying holder lookups: minecraft:worldgen/density_function_type
[10Oct2026 19:33:25.758] [main/DEBUG] [net.minecraftforge.registries.GameData/REGISTRIES]: Holder lookups applied: minecraft:worldgen/density_function_type
[10Oct2026 19:33:25.758] [main/DEBUG] [net.minecraftforge.registries.GameData/REGISTRIES]: Applying holder lookups: minecraft:block_type
[10Oct2026 19:33:25.758] [main/DEBUG] [net.minecraftforge.registries.GameData/REGISTRIES]: Holder lookups applied: minecraft:block_type
[10Oct2026 19:33:25.758] [main/DEBUG] [net.minecraftforge.registries.GameData/REGISTRIES]: Applying holder lookups: minecraft:worldgen/structure_pool_element
[10Oct2026 19:33:25.758] [main/DEBUG] [net.minecraftforge.registries.GameData/REGISTRIES]: Holder lookups applied: minecraft:worldgen/structure_pool_element
[10Oct2026 19:33:25.758] [main/DEBUG] [net.minecraftforge.registries.GameData/REGISTRIES]: Applying holder lookups: minecraft:worldgen/pool_alias_binding
[10Oct2026 19:33:25.758] [main/DEBUG] [net.minecraftforge.registries.GameData/REGISTRIES]: Holder lookups applied: minecraft:worldgen/pool_alias_binding
[10Oct2026 19:33:25.758] [main/DEBUG] [net.minecraftforge.registries.GameData/REGISTRIES]: Applying holder lookups: minecraft:cat_variant
[10Oct2026 19:33:25.759] [main/DEBUG] [net.minecraftforge.registries.GameData/REGISTRIES]: Holder lookups applied: minecraft:cat_variant
[10Oct2026 19:33:25.759] [main/DEBUG] [net.minecraftforge.registries.GameData/REGISTRIES]: Applying holder lookups: minecraft:frog_variant
[10Oct2026 19:33:25.759] [main/DEBUG] [net.minecraftforge.registries.GameData/REGISTRIES]: Holder lookups applied: minecraft:frog_variant
[10Oct2026 19:33:25.759] [main/DEBUG] [net.minecraftforge.registries.GameData/REGISTRIES]: Applying holder lookups: minecraft:decorated_pot_pattern
[10Oct2026 19:33:25.759] [main/DEBUG] [net.minecraftforge.registries.GameData/REGISTRIES]: Holder lookups applied: minecraft:decorated_pot_pattern
[10Oct2026 19:33:25.759] [main/DEBUG] [net.minecraftforge.registries.GameData/REGISTRIES]: Applying holder lookups: minecraft:creative_mode_tab
[10Oct2026 19:33:25.759] [main/DEBUG] [net.minecraftforge.registries.GameData/REGISTRIES]: Holder lookups applied: minecraft:creative_mode_tab
[10Oct2026 19:33:25.760] [main/DEBUG] [net.minecraftforge.registries.GameData/REGISTRIES]: Applying holder lookups: minecraft:trigger_type
[10Oct2026 19:33:25.760] [main/DEBUG] [net.minecraftforge.registries.GameData/REGISTRIES]: Holder lookups applied: minecraft:trigger_type
[10Oct2026 19:33:25.760] [main/DEBUG] [net.minecraftforge.registries.GameData/REGISTRIES]: Applying holder lookups: minecraft:number_format_type
[10Oct2026 19:33:25.760] [main/DEBUG] [net.minecraftforge.registries.GameData/REGISTRIES]: Holder lookups applied: minecraft:number_format_type
[10Oct2026 19:33:25.760] [main/DEBUG] [net.minecraftforge.registries.GameData/REGISTRIES]: Applying holder lookups: minecraft:entity_sub_predicate_type
[10Oct2026 19:33:25.760] [main/DEBUG] [net.minecraftforge.registries.GameData/REGISTRIES]: Holder lookups applied: minecraft:entity_sub_predicate_type
[10Oct2026 19:33:25.760] [main/DEBUG] [net.minecraftforge.registries.GameData/REGISTRIES]: Applying holder lookups: minecraft:item_sub_predicate_type
[10Oct2026 19:33:25.760] [main/DEBUG] [net.minecraftforge.registries.GameData/REGISTRIES]: Holder lookups applied: minecraft:item_sub_predicate_type
[10Oct2026 19:33:25.760] [main/DEBUG] [net.minecraftforge.registries.GameData/REGISTRIES]: Applying holder lookups: minecraft:enchantment_level_based_value_type
[10Oct2026 19:33:25.760] [main/DEBUG] [net.minecraftforge.registries.GameData/REGISTRIES]: Holder lookups applied: minecraft:enchantment_level_based_value_type
[10Oct2026 19:33:25.760] [main/DEBUG] [net.minecraftforge.registries.GameData/REGISTRIES]: Applying holder lookups: minecraft:enchantment_entity_effect_type
[10Oct2026 19:33:25.760] [main/DEBUG] [net.minecraftforge.registries.GameData/REGISTRIES]: Holder lookups applied: minecraft:enchantment_entity_effect_type
[10Oct2026 19:33:25.760] [main/DEBUG] [net.minecraftforge.registries.GameData/REGISTRIES]: Applying holder lookups: minecraft:enchantment_location_based_effect_type
[10Oct2026 19:33:25.760] [main/DEBUG] [net.minecraftforge.registries.GameData/REGISTRIES]: Holder lookups applied: minecraft:enchantment_location_based_effect_type
[10Oct2026 19:33:25.760] [main/DEBUG] [net.minecraftforge.registries.GameData/REGISTRIES]: Applying holder lookups: minecraft:enchantment_value_effect_type
[10Oct2026 19:33:25.760] [main/DEBUG] [net.minecraftforge.registries.GameData/REGISTRIES]: Holder lookups applied: minecraft:enchantment_value_effect_type
[10Oct2026 19:33:25.760] [main/DEBUG] [net.minecraftforge.registries.GameData/REGISTRIES]: Applying holder lookups: minecraft:enchantment_provider_type
[10Oct2026 19:33:25.760] [main/DEBUG] [net.minecraftforge.registries.GameData/REGISTRIES]: Holder lookups applied: minecraft:enchantment_provider_type
[10Oct2026 19:33:25.760] [main/DEBUG] [net.minecraftforge.registries.GameData/REGISTRIES]: Applying holder lookups: minecraft:consume_effect_type
[10Oct2026 19:33:25.760] [main/DEBUG] [net.minecraftforge.registries.GameData/REGISTRIES]: Holder lookups applied: minecraft:consume_effect_type
[10Oct2026 19:33:25.760] [main/DEBUG] [net.minecraftforge.registries.GameData/REGISTRIES]: Applying holder lookups: minecraft:recipe_display
[10Oct2026 19:33:25.760] [main/DEBUG] [net.minecraftforge.registries.GameData/REGISTRIES]: Holder lookups applied: minecraft:recipe_display
[10Oct2026 19:33:25.760] [main/DEBUG] [net.minecraftforge.registries.GameData/REGISTRIES]: Applying holder lookups: minecraft:slot_display
[10Oct2026 19:33:25.760] [main/DEBUG] [net.minecraftforge.registries.GameData/REGISTRIES]: Holder lookups applied: minecraft:slot_display
[10Oct2026 19:33:25.760] [main/DEBUG] [net.minecraftforge.registries.GameData/REGISTRIES]: Applying holder lookups: minecraft:recipe_book_category
[10Oct2026 19:33:25.760] [main/DEBUG] [net.minecraftforge.registries.GameData/REGISTRIES]: Holder lookups applied: minecraft:recipe_book_category
[10Oct2026 19:33:25.765] [main/DEBUG] [net.minecraftforge.registries.GameData/REGISTRIES]: Applying holder lookups: forge:biome_modifier_serializers
[10Oct2026 19:33:25.765] [main/DEBUG] [net.minecraftforge.registries.GameData/REGISTRIES]: Holder lookups applied: forge:biome_modifier_serializers
[10Oct2026 19:33:25.768] [main/DEBUG] [net.minecraftforge.registries.GameData/REGISTRIES]: Applying holder lookups: forge:condition_codecs
[10Oct2026 19:33:25.768] [main/DEBUG] [net.minecraftforge.registries.GameData/REGISTRIES]: Holder lookups applied: forge:condition_codecs
[10Oct2026 19:33:25.768] [main/DEBUG] [net.minecraftforge.registries.GameData/REGISTRIES]: Applying holder lookups: forge:display_contexts
[10Oct2026 19:33:25.768] [main/DEBUG] [net.minecraftforge.registries.GameData/REGISTRIES]: Holder lookups applied: forge:display_contexts
[10Oct2026 19:33:25.768] [main/DEBUG] [net.minecraftforge.registries.GameData/REGISTRIES]: Applying holder lookups: forge:entity_data_serializers
[10Oct2026 19:33:25.768] [main/DEBUG] [net.minecraftforge.registries.GameData/REGISTRIES]: Holder lookups applied: forge:entity_data_serializers
[10Oct2026 19:33:25.770] [main/DEBUG] [net.minecraftforge.registries.GameData/REGISTRIES]: Applying holder lookups: forge:fluid_type
[10Oct2026 19:33:25.770] [main/DEBUG] [net.minecraftforge.registries.GameData/REGISTRIES]: Holder lookups applied: forge:fluid_type
[10Oct2026 19:33:25.771] [main/DEBUG] [net.minecraftforge.registries.GameData/REGISTRIES]: Applying holder lookups: forge:global_loot_modifier_serializers
[10Oct2026 19:33:25.771] [main/DEBUG] [net.minecraftforge.registries.GameData/REGISTRIES]: Holder lookups applied: forge:global_loot_modifier_serializers
[10Oct2026 19:33:25.773] [main/DEBUG] [net.minecraftforge.registries.GameData/REGISTRIES]: Applying holder lookups: forge:holder_set_type
[10Oct2026 19:33:25.774] [main/DEBUG] [net.minecraftforge.registries.GameData/REGISTRIES]: Holder lookups applied: forge:holder_set_type
[10Oct2026 19:33:25.778] [main/DEBUG] [net.minecraftforge.registries.GameData/REGISTRIES]: Applying holder lookups: forge:ingredient_serializers
[10Oct2026 19:33:25.778] [main/DEBUG] [net.minecraftforge.registries.GameData/REGISTRIES]: Holder lookups applied: forge:ingredient_serializers
[10Oct2026 19:33:25.779] [main/DEBUG] [net.minecraftforge.registries.GameData/REGISTRIES]: Applying holder lookups: forge:structure_modifier_serializers
[10Oct2026 19:33:25.779] [main/DEBUG] [net.minecraftforge.registries.GameData/REGISTRIES]: Holder lookups applied: forge:structure_modifier_serializers
[10Oct2026 19:33:25.779] [main/DEBUG] [net.minecraftforge.registries.GameData/REGISTRIES]: Applying holder lookups: minecraft:painting_variant
[10Oct2026 19:33:25.779] [main/DEBUG] [net.minecraftforge.registries.GameData/REGISTRIES]: Holder lookups applied: minecraft:painting_variant
[10Oct2026 19:33:25.779] [main/DEBUG] [net.minecraftforge.registries.GameData/REGISTRIES]: Applying holder lookups: minecraft:worldgen/biome
[10Oct2026 19:33:25.779] [main/DEBUG] [net.minecraftforge.registries.GameData/REGISTRIES]: Holder lookups applied: minecraft:worldgen/biome
[10Oct2026 19:33:25.820] [main/INFO] [net.minecraftforge.data.loading.DatagenModLoader/]: Initializing Data Gatherer for mods [doors_music_discs]
[10Oct2026 19:33:25.919] [main/WARN] [net.minecraft.server.packs.VanillaPackResourcesBuilder/]: Assets URL 'union:/E:/GradleFiles/caches/forge_gradle/minecraft_user_repo/net/minecraftforge/forge/1.21.3-53.1.0_mapped_parchment_2024.12.07-1.21.3/forge-1.21.3-53.1.0_mapped_parchment_2024.12.07-1.21.3-recomp.jar%230!/assets/.mcassetsroot' uses unexpected schema
[10Oct2026 19:33:25.920] [main/WARN] [net.minecraft.server.packs.VanillaPackResourcesBuilder/]: Assets URL 'union:/E:/GradleFiles/caches/forge_gradle/minecraft_user_repo/net/minecraftforge/forge/1.21.3-53.1.0_mapped_parchment_2024.12.07-1.21.3/forge-1.21.3-53.1.0_mapped_parchment_2024.12.07-1.21.3-recomp.jar%230!/data/.mcassetsroot' uses unexpected schema
[10Oct2026 19:33:26.062] [main/INFO] [net.minecraft.data.DataGenerator/]: Starting provider: Roblox Doors Music Disc Recipes
[10Oct2026 19:33:26.155] [main/INFO] [net.minecraft.data.DataGenerator/]: Roblox Doors Music Disc Recipes finished after 91 ms
[10Oct2026 19:33:26.155] [main/INFO] [net.minecraft.data.DataGenerator/]: Starting provider: Item Models: doors_music_discs
[10Oct2026 19:33:26.161] [main/INFO] [net.minecraft.data.DataGenerator/]: Item Models: doors_music_discs finished after 6 ms
[10Oct2026 19:33:26.162] [main/INFO] [net.minecraft.data.DataGenerator/]: All providers took: 99 ms
[10Oct2026 19:33:26.168] [main/INFO] [net.minecraft.data.HashCache/]: Caching: total files: 129, old count: 129, new count: 130, removed stale: 0, written: 1
